id,post_id,caption,contains_emoji,does_not_contain_emoji,contains_hashtag
1,18276775426216214,Lane has life on easy mode ğŸ˜­ #VivaLaYotes,True,False,True
2,18050446366968837,"Happy Thanksgiving, Yotes ğŸğŸ½ ğŸ¦ƒ #VivaLaYotes",True,False,True
3,18098071018470047,Iâ€™m eating my thanksgiving dinner hungover tomorrow #VivaLaYotes,False,True,True
4,18093455356496216,CONGRATULATIONS TO THE 2024 USD BACHELORETTE @sadie_strait ğŸŒ¹ğŸ’ Big thanks to everyone that participated!! Maybe there will be a new USD bachelor in the near future..ğŸ¤« #VivaLaYotes,True,False,True
5,18076066087597873,I have so many questions ğŸ¤£ #VivaLaYotes,False,True,True
6,18043121780150631,Surprised verm didnâ€™t burn down last night ğŸ« ğŸ«  #SundayScaries #VivaLaYotes,False,True,True
7,17967652967688354,LETS FUCKING RAGE TN YOTES ğŸ”¥ğŸ”¥ğŸ”¥ #HornsDown #VivaLaYotes (via @tay.durst ),True,False,True
8,18027505967593552,NDSU IS SO WASHED ğŸ¤£ğŸ¤£ğŸ¤£ğŸ¤£ @barstoolndsu #VivaLaYotes,False,True,True
9,17951789570855085,@barstoolndsu You guys are dustğŸ¤¡ğŸ¤¡ğŸ¤¡ğŸ¤¡ #VivaLaYotes,False,True,True
10,18046335419101250,ğŸŒ¹VOTING IS LIVE ON STORYğŸŒ¹ #VivaLaYotes,True,False,True
11,17944897718911684,UND SUCKS ASS. YOTES ON TOP ğŸ˜ˆğŸ”¥ #WhosYourDaddy #VivaLaYotes,True,False,True
12,18123410530401452,Jake Paul beat up an elderly man #VivaLaYotes,False,True,True
13,17968785782802084,No caption needed. UND is gonna get wiped tomorrow ğŸ¤¡ğŸ¤¡ğŸ¤¡ @stoolnorthdakota #VivaLaYotes,False,True,True
14,18041072717271506,Thereâ€™s absolutely no way ğŸ¤£ #VivaLaYotes (via @mike_larvie),False,True,True
15,18008927984653920,Yotes win. ğŸ˜ˆ #VivaLaYotes,True,False,True
16,18050641735803631,Definition of â€œwhatever it takesâ€ ğŸ˜­ #VivaLaYotes,True,False,True
17,18462717898047193,Party foul ğŸ˜ª #VivaLaYotes,True,False,True
18,18280965127173329,"With your help, Charlie the Coyote has been elected the 47th President of the United States!! #VivaLaYotes",False,True,True
19,17859841263224240,Halloweekend dump ğŸ«  #VivaLaYotes,False,True,True
20,18359300683141642,Halloweekend is not real. #VivaLaYotes,False,True,True
21,17850470724288192,Wtf was last night ğŸ˜¦ #VivaLaYotes,True,False,True
22,18021856805575156,Canâ€™t wait for Halloweekend ğŸ˜ˆğŸ˜ˆğŸ˜ˆ #VivaLaYotes,True,False,True
23,18052520197928870,The grind is real ğŸ«¡ #VivaLaYotes,False,True,True
24,18043965680485689,Logging out for the night. Fuck state till I die. #VivaLaYotes #FuckState #TheyAreInbreds,False,True,True
25,17922437984978823,Win or lose you still go to stateğŸ˜­ğŸ’€,True,False,False
1,17903419932059033,â€œIâ€™m not gonna get that drunkâ€ ğŸ˜Ÿ #VivaLaYotes,True,False,True
2,18034036715069630,Fog wasnâ€™t fogging that night ğŸ˜ğŸ˜ğŸ˜ #VivaLaYotes,True,False,True
3,17957323145828289,Wtf is going on ğŸ«   #VivaLaYotes,False,True,True
4,18050899669764640,2 more days until state gets smacked ğŸ˜ˆ #HateStateWeek #VivaLaYotes,True,False,True
5,17922705323878829,Thatâ€™s rough ğŸ˜¬ #VivaLaYotes,True,False,True
6,17885121576131228,Bros roommateâ€™s getting play ğŸ«¡ #VivaLaYotes,False,True,True
7,18066870328643234,WHAT THE FUCK IS A JACKRABBITâ‰ï¸â‰ï¸ #HateStateWeek #VivaLaYotes,True,False,True
8,17994379028543700,Real asf. #tindertuesday #VivaLaYotes,False,True,True
9,17967952778798300,"Been a hell of a ride ğŸ«¡
Love you allâ¤ï¸

@nba__jenny 
#VivaLaYotes",True,False,True
10,17881815978076082,Hope youâ€™re ready for back to back losses lil broğŸ¤¡ @hobosbarstool #HateStateWeek #VivaLaYotes,False,True,True
11,17980028459766000,â€œBro I promise you wonâ€™t be a third wheelâ€ğŸ«  #SundayScaries #VivaLaYotes,False,True,True
12,18028672826373820,Damn save some play for the rest of usğŸ˜” #VivaLaYotes,True,False,True
13,18029618597111994,"For the top 6 round we present â€œThe Day in the Life of a Bacheloretteâ€ğŸŒ¹ (PART 2)

Voting will take place in the poll in the comments - GO VOTE â¤ï¸

#VivaLaYotes",True,False,True
14,18028865291121087,"For the top 6 round we present â€œThe Day in the Life of a Bacheloretteâ€ğŸŒ¹ (PART 1)

Voting will take place in the poll in the comments - GO VOTE â¤ï¸

The rest of the contestants will be posted at noon ğŸŒ¹ğŸ’ 

#VivaLaYotes",True,False,True
15,17860777743205382,Final 6 bracket is setğŸŒ¹ next round starts at 10am ğŸ˜ˆ #VivaLaYotes,True,False,True
16,17875874094181601,Chat is this real #VivaLaYotes,False,True,True
17,17932926989928741,This weekend was a fever dream ğŸ˜­ #VivaLaYotes,True,False,True
18,18043679735081236,"D-Days: 1
USD: 0 

#SundayScaries
#VivaLaYotes",False,True,True
19,17892110469093984,"Happy D-Days, Yotes â¤ï¸ ğŸ» #VivaLaYotes",True,False,True
20,18285861613237187,Ddays dump pt. 2  #VivaLaYotes,False,True,True
21,17972195132786299,Ddays dump #VivaLaYotes,False,True,True
22,18040062562929933,@officalpatrickmasur gone but not forgotten ğŸ˜ #DdaysWeek #VivaLaYotes,True,False,True
23,17845016283323903,Bro looks so peaceful #VivaLaYotes,False,True,True
24,18466052014036899,Voting is live on the story ğŸ’ğŸŒ¹ #VivaLaYotes,True,False,True
25,18133686559363617,Voting is live on the story ğŸ’ğŸŒ¹ #VivaLaYotes,True,False,True
1,18103409407443355,Top 12 bracket is set. Voting will begin at 7pm on the storyğŸŒ¹ #VivaLaYotes,True,False,True
2,17967575114668454,Happy D-Days week ğŸ˜ˆ #SundayScaries #VivaLaYotes,True,False,True
3,18031985000196503,What a blowout #VivaLaYotes,False,True,True
4,17903434865961149,Bro saw God #VivaLaYotes,False,True,True
5,18254649745266007,BEST DAY OF THE YEAR ğŸ”¥ğŸ”¥ #VivaLaYotes,True,False,True
6,18058011283775719,Let the kids play ğŸ«¡ #VivaLaYotes,False,True,True
7,17905651692041748,â€œDamn bro last night was a movieâ€ #VivaLaYotes,False,True,True
8,18042446465089890,VOTING IS LIVE ON THE STORY ğŸŒ¹ğŸ’ #VivaLaYotes,True,False,True
9,17931064712938836,VOTING IS LIVE ON THE STORY ğŸŒ¹ğŸ’ #VivaLaYotes,True,False,True
10,18022947032452926,VOTING IS LIVE ON THE STORY ğŸŒ¹ğŸ’ #VivaLaYotes,True,False,True
11,18026685827136495,Second round bracket is out. Voting starts at 8pmğŸŒ¹ğŸ˜ˆ #VivaLaYotes,True,False,True
12,18076555711551536,When we thinking ğŸ¤” Vote below â¬‡ï¸ #VivaLaYotes,True,False,True
13,17852378043292283,VOTING IS LIVE ON THE STORYğŸŒ¹ğŸ’ #VivaLaYotes,True,False,True
14,18093403339482350,VOTING IS LIVE ON THE STORYğŸŒ¹ğŸ’ #VivaLaYotes,True,False,True
15,18033988139010746,VOTING IS LIVE ON THE STORYğŸŒ¹ğŸ’ #VivaLaYotes,True,False,True
16,17925947951848832,VOTING IS LIVE ON THE STORYğŸŒ¹ğŸ’ #VivaLaYotes,True,False,True
17,17864955705164899,VOTING IS LIVE ON THE STORY ğŸŒ¹ğŸ’#VivaLaYotes,True,False,True
18,18042036413103122,Real #VivaLaYotes,False,True,True
19,17867620518146084,Bracket is set. Voting starts at noon on the storyğŸŒ¹ğŸ˜ˆ #VivaLaYotes,True,False,True
20,18061198117665841,@miles_krajewski x @joebiden ğŸ¤ #VivaLaYotes,False,True,True
21,18049742437926495,"USD WOMAN:
Are you looking for a chance to find the man of your dreams (hopefully)? This year weâ€™ll find out who will be chosen as the first ever bachelorette of USD ğŸŒ¹

DM ME TO NOMINATE EITHER YOURSELF OR A FRIEND! APPLICATIONS WILL CLOSE TOMORROW NIGHT!
Tag a friend in the comments who should apply!
#VivaLaYotes",True,False,True
22,18109099036421636,Snap story gonna go crazy ğŸ”¥ğŸ«  #VivaLaYotes,True,False,True
23,18139825840355969,@harvard get this guy a scholarship immediately #VivaLaYotes,False,True,True
24,18021405680231834,At least he pays his taxes #VivaLaYotes #SundayScaries,False,True,True
25,18331260751145512,Yotes win. #VivaLaYotes,False,True,True
1,17891699412087464,What a stud #VivaLaYotes,False,True,True
2,17961223904808090,Weâ€™re so fucking back #VivaLaYotes,False,True,True
3,18147804565328224,Parents weekend is in full swing #VivaLaYotes,False,True,True
4,18048951283927886,HOLLAR 2 IS FINALLY HERE â€¼ï¸ @docs_bar_verm #VivaLaYotes,True,False,True
5,18144771676337569,WE FOUND HIM #VivaLaYotes,False,True,True
6,18053169730861907,HAPPY PARENTâ€™S WEEKENDğŸ˜ˆ #VivaLaYotes,True,False,True
7,18020313047447321,If you find him keep him downtown #VivaLaYotes,False,True,True
8,17934017429801456,It never ends #VivaLaYotes,False,True,True
9,18198095023292316,What the fuck ğŸ˜­ğŸ˜­ #VivaLaYotes,True,False,True
10,18054895822818259,New method unlocked ğŸ‘€ #VivaLaYotes,True,False,True
11,18141254368349326,Verm is not real #VivaLaYotes,False,True,True
12,18034268857996797,Great day to be a yote ğŸ˜ˆ #VivaLaYotes,True,False,True
13,18311979736094224,Someone save him ğŸ˜” #VivaLaYotes,True,False,True
14,18038943272120820,Yotes win. Letâ€™s rage ğŸ˜ˆ #VivaLaYotes,True,False,True
15,18058441549689431,This should be interesting ğŸ«£,False,True,False
16,18030736307201609,lost count with how many fires weâ€™ve had this year #VivaLaYotes,False,True,True
17,18074641987499281,Bro has bigger priorities than stopping the fire ğŸ« #VivaLaYotes,False,True,True
18,18018361211613603,USD Bachelor back at it again ğŸ”¥ğŸ”¥ #VivaLaYotes,True,False,True
19,18139041793347863,Hope bro got an AğŸ”¥ #VivaLaYotes,True,False,True
20,18068047951544998,Iâ€™d take a bullet for whoever invented Chegg @fizzsouthdakota #VivaLaYotes,False,True,True
21,17988654524557731,Happy Tinder Tuesday â¤ï¸ #VivaLaYotes,True,False,True
22,18043778275978757,Chat was this real or what (heâ€™s okay) #VivaLaYotes #SundayScaries,False,True,True
23,18106998949420911,Freshmen ğŸ˜” #VivaLaYotes,True,False,True
24,17967574943790676,Friday night dump #VivaLaYotes,False,True,True
25,17881531854104218,Well this fucking blows #VivaLaYotes,False,True,True
1,17991615404695541,Surely no bad decisions will be made this weekend #VivaLaYotes,False,True,True
2,18370068076104460,I have no words @hobosbarstool #VivaLaYotes,False,True,True
3,18251472274264242,â€œSo we wonâ€™t be bothering anyoneâ€ ğŸ’€ #VivaLaYotes,True,False,True
4,18015948182554317,Damn that food looks fire ğŸ”¥(they were okay) #VivaLaYotes,True,False,True
5,18323349961150949,Bro is the main character #VivaLaYotes,False,True,True
6,18066200407611304,"â€œAmazing, engaging, attentive, loving, and helpfulâ€ ğŸ˜­#VivaLaYotes",True,False,True
7,18068319625581498,GO VOTE ON THE STORY â€¼ï¸â€¼ï¸ğŸ˜ˆğŸ˜ˆğŸ˜ˆ #VivaLaYotes,True,False,True
8,18137868298354769,Weekend recap #VivaLaYotes #SundayScaries,False,True,True
9,17940346931884903,Itâ€™s always Mick ğŸ¥² #VivaLaYotes,False,True,True
10,18039350987102899,10/10 landing #VivaLaYotes #SundayScaries,False,True,True
11,17896384523984271,For fuckâ€™s sake. #VivaLaYotes,False,True,True
12,18045558175801868,Hope bro found a ride fr #VivaLaYotes,False,True,True
13,18015476399577852,Couldnâ€™t ask for a better college town #VivaLaYotes,False,True,True
14,18007374980389949,Yeah weâ€™re definitely back #VivaLaYotes,False,True,True
15,17993714486690494,Didnâ€™t know the pizza was that good #VivaLaYotes,False,True,True
16,17863201707211082,Walkie-talkie rizz never fails #TinderTuesday  #VivaLaYotes,False,True,True
17,18064018918627045,Living proof that brains arenâ€™t required for confidence #VivaLaYotes,False,True,True
18,18038306990028204,Bro just accepted it ğŸ˜­ğŸ« #VivaLaYotes,True,False,True
19,18030092390040742,At 2:23am is crazyğŸ˜­ #VivaLaYotes,True,False,True
20,18200110903293364,Running start of the century #VivaLaYotes,False,True,True
21,18023284286145115,Damn that looked personal ğŸ˜³ #VivaLaYotes,True,False,True
22,18349351987143250,"Round 2 is live on the story, GO VOTE ğŸ˜ˆ #VivaLaYotes",True,False,True
23,18039859874054505,What the fuck is going on at Walmart #VivaLaYotes,False,True,True
24,18074919598532125,Verm was a GTA server last night #VivaLaYotes,False,True,True
25,18100781707431525,@hobosbarstool WHAT HAPPENNEDDDDDDâ‰ï¸â‰ï¸ğŸ˜¢ #VivaLaYotes,True,False,True
1,18029832107049350,@hobosbarstool get fucking rinsed pipsqueakğŸ¤¡ğŸ˜¢#VivaLaYotes,True,False,True
2,18032169395007664,LET THE KIDS PLAY ğŸ»ğŸ—£ï¸ #VivaLaYotes @leos_sportsbar,True,False,True
3,18015849008529567,Fizz dump @fizzsouthdakota #VivaLaYotes,False,True,True
4,18024233774519061,First week in the books ğŸ»ğŸ˜ˆ#VivaLaYotes,True,False,True
5,18031581299191048,See you September 7th @badgerbarstool ğŸ˜ˆ #VivaLaYotes,True,False,True
6,18430124485064160,@northernstateu ready to get daddied? ğŸ¤¡ğŸ˜ˆ#VivaLaYotes,True,False,True
7,18015090167574667,One more day of silly week ğŸ¥² #VivaLaYotes,False,True,True
8,18068804845526296,TAILGATE SEASON IS FUCKING BACK ğŸ”¥ğŸ”¥ğŸ”¥ #VivaLaYotes,True,False,True
9,18080968216514165,They definitely push the button #VivaLaYotes,False,True,True
10,18283399069225956,Silly week dump #VivaLaYotes,False,True,True
11,18090222133466456,A classic syllabus week tradition #VivaLaYotes,False,True,True
12,17847421725264949,The student section of the year lives in Vermillion Letâ€™s show @Cheezit weâ€™re Feelin' The Cheeziest this season,False,True,False
13,18060291313714200,King Arthur rizz â€¼ï¸â€¼ï¸#VivaLaYotes #TinderTuesday,True,False,True
14,18354927772112051,Attention freshman: Here are some doâ€™s and Dontâ€™s to get out of college alive #VivaLaYotes,False,True,True
15,18040491239300125,Itâ€™s only downhill from here ğŸ“‰ #VivaLaYotes,True,False,True
16,18063409603716563,VOTING IS LIVE ON THE STORY â€¼ï¸â€¼ï¸â€¼ï¸ #VivaLaYotes,True,False,True
17,17949065939729145,That top shelf comment was too muchğŸ˜­ #VivaLaYotes,True,False,True
18,18072090502499145,"Good luck this semester, Yotes â¤ï¸ #VivaLaYotes",True,False,True
19,18053312368825134,Damn I didnâ€™t know it was hot out thank you @usouthdakota ğŸ™ğŸ»â¤ï¸ #VivaLaYotes,True,False,True
20,17947455485736205,Time to lock in ğŸ˜ˆ#VivaLaYotes,True,False,True
21,18053245648753573,What a time to be aliveğŸ˜ˆ #VivaLaYotes,True,False,True
22,18075106333552576,The NPCs are back â€¼ï¸â€¼ï¸ #VivaLaYotes,True,False,True
23,18023741321362973,Bro is not paying that laundry feeğŸ˜­ #VivaLaYotes,True,False,True
24,17975923904758604,WEâ€™RE SO FUCKING BACKğŸ˜ˆ #VivaLaYotes,True,False,True
25,18030208862021471,"ğŸ–¤ğŸ–¤
#VivaLaYotes",True,False,True
1,18320719594198826,Someone give this kid a bid immediately #VivaLaYotes,False,True,True
2,18450272431023871,Reminder to all the @hobosbarstool freshmen that you chose the wrong college ğŸ¤¡ğŸ¤¡ #VivaLaYotes,False,True,True
3,17928003893924011,Crazy the freshman will never get to experience Hollar ğŸ˜” #VivaLaYotes,True,False,True
4,17905501736932884,HAPPY TINDER TUESDAY #VivaLaYotes,False,True,True
5,18044586667769477,"Are you answering? ğŸ˜
1 WEEK UNTIL WEâ€™RE BACK 
#VivaLaYotes",True,False,True
6,18016972460219673,Nothing surprises me in this town anymore #VivaLaYotes,False,True,True
7,18045354709921979,"I have no words to describe this..
#VivaLaYotes",False,True,True
8,18027176714201376,Missing this view ğŸ˜ª #VivaLaYotes,True,False,True
9,18068464909515122,"Heading into the year ranked #5. Letâ€™s roll. ğŸ˜
#VivaLaYotes",True,False,True
10,17937695561771452,"WE ARE SO CLOSE TO BEING BACK â€¼ï¸
@oldlumbercompany give me a free pizza and Iâ€™ll turn in who broke the glass ğŸ˜
#VivaLaYotes",True,False,True
11,18270935965246373,"This kid fucks. Phi Delt doesnâ€™t know what theyâ€™re missing ğŸ’¯
#VivaLaYotes",True,False,True
12,18003286235433979,ğŸš¨ BREAKING NEWS ğŸš¨ The University of South Dakota will not be participating in this holiday â€¼ï¸ #VivaLaYotes,True,False,True
13,18010700051564409,TINDER TUESDAYS ARE BACK â€¼ï¸ #VivaLaYotes,True,False,True
14,18044930461904983,"25 DAYS UNTIL WEâ€™RE BACK IN THE DOME ğŸ™ğŸ¼
#VivaLaYotes",True,False,True
15,18040405567821062,"New profile picture â€¼ï¸ 
Shoutout @ashley_gus for the insane logo 
#VivaLaYotes",True,False,True
16,17947889024726358,"The weekend is off to a hot start ğŸ”¥
#VivaLaYotes",True,False,True
17,17955803432689916,"Weâ€™ve all been there before.. 
#VivaLaYotes",False,True,True
18,18053604910685572,"I look forward to this day more than Christmas 
#VivaLaYotes",False,True,True
19,17881732575035479,"Lick our rim @hobosbarstool 
#VivaLaYotes",False,True,True
20,18024728180350171,"Flash flood in verm last night ğŸ˜³
#VivaLaYotes",True,False,True
21,18065447284602918,Poor guy ğŸ˜­ğŸ™ğŸ»#VivaLaYotes,True,False,True
22,18001534226447913,"This might be the biggest Woj bomb ever ğŸ¤¯ğŸ¤¯
#VivaLaYotes",False,True,True
23,17878037304079658,"Treat yourself girl ğŸ’…âœ¨
#VivaLaYotes",True,False,True
24,18069939319543010,"Happy tinder tuesday,
How the fuck are we supposed to post content now ğŸ˜”
#VivaLaYotes",True,False,True
25,18030617329952234,"Sunday scaries are hitting today 
#VivaLaYotes",False,True,True
1,17860429017147130,"Nothing more American than this ğŸ‡ºğŸ‡¸
#VivaLaYotes",True,False,True
2,17949429086814147,"Bonnie got dusted ğŸ’¯
#VivaLaYotes",True,False,True
3,18332347858126069,How does that even happen ğŸ˜­#VivaLaYotes,True,False,True
4,18029782565319658,"Help out these future yotes â¬‡ï¸
#VivaLaYotes",True,False,True
5,18021785975346749,"These Ubers are getting wild 
#VivaLaYotes",False,True,True
6,18266807683244819,"This town is not fucking real 
#VivaLaYotes",False,True,True
7,18032685272476509,"Summer verm is a movie 
#VivaLaYotes",False,True,True
8,18039263536790448,"A shot not taken is a missed shot.
#VivaLaYotes",False,True,True
9,17980808885571598,"Vermillion is the Chiraq of South Dakota
#VivaLaYotes",False,True,True
10,18003678662355971,Hinge rizz is differentğŸ”¥#VivaLaYotes,True,False,True
11,18132247657352744,"Happy 4th of July ğŸ‡ºğŸ‡¸ğŸ¦…
#VivaLaYotes",True,False,True
12,18022090544262626,"I was going to wait for football season to post this but holy fuck this is painful to watch 
#VivaLaYotes",False,True,True
13,17872699875102666,"Buddy was a genius
#VivaLaYotes",False,True,True
14,18035002093995345,"We asked AI what the bars in verm look like

Slide right for a surprise at the endâ€¦
#VivaLaYotes",False,True,True
15,17938853444746814,"Stay safe out there ğŸ˜³
#VivaLaYotes",True,False,True
16,18028007237147319,"Wow 
#VivaLaYotes",False,True,True
17,18230272360285708,"South Dakota is looking like the ocean rn ğŸ˜³
#VivaLaYotes",True,False,True
18,18032636810043421,"Happy Fatherâ€™s Day ğŸ¥°
#VivaLaYotes",False,True,True
19,18038783587757128,"Someone help this guy out ğŸ—£ï¸â¬‡ï¸
#VivaLaYotes",True,False,True
20,17870181039072499,"Horny season is all year round ğŸ˜ˆ
#VivaLaYotes",True,False,True
21,17919187112923622,"Nothing surprises me in vermillion anymore.
#VivaLaYotes",False,True,True
22,18188281915292923,"Chat is this crazy? 
#VivaLaYotes",False,True,True
23,18097157707420974,"I asked an AI Generator to make an image of the fraternities at the University of South Dakota

These were the results:
#VivaLaYotes",False,True,True
24,17999257238383720,"This Logo would be revolutionary. FCS CHAMPIONSHIP INBOUND. 
#VivaLaHollarr",False,True,True
25,17960074817779833,"ğŸ‡ºğŸ‡¸ ğŸ¦… Barstool Sports of July Merch is Here!!! ğŸ¦… ğŸ‡ºğŸ‡¸ 
Head to the Barstool Sports store for the best 4th fits on the internet
LINK IN BIO â€¼ï¸
#VivaLaYotes",True,False,True
1,18080660428473726,"Holy. Fuck. We are speed running cancer.
#VivaLaYotes",False,True,True
2,18266902144234768,"Comment what professor this is ğŸ«£â¬‡ï¸
#VivaLaYotes",True,False,True
3,18013845317146515,Comment your thoughts ğŸ¤”â¬‡ï¸,True,False,False
4,18002860487333046,"This is what my nightmares look like ğŸ˜³
#VivaLaYotes",True,False,True
5,18000835850553228,"Nothing better than summers in South Dakota ğŸ¤¢
#VivaLaYotes",False,True,True
6,18130142134339429,"The NCAA 25 cover we all wanted ğŸ˜”
#VivaLaYotes",True,False,True
7,17881958448059105,INCOMING FRESHMAN: This a perfect example of something not to do ğŸ¤ #VivaLaYotes,False,True,True
8,18089174890439318,"Letâ€™s. Fucking. Go. ğŸƒğŸ’¨ğŸ’¨
#VivaLaYotes",True,False,True
9,18038829610849675,"Barn parties are lit asf ğŸ’¯ğŸ™ŒğŸ¼ 
#VivaLaYotes",True,False,True
10,17963505479623187,Happy Motherâ€™s Day Yotes â¤ï¸ #VivaLaYotes,True,False,True
11,17885048889043281,Boy that would be awesomeğŸ”¥ğŸ”¥ #VivaLaYotes,True,False,True
12,17986306493662107,Someone check on bro ğŸ˜” #VivaLaYotes,True,False,True
13,18005332844587551,"What does vermillion need?â¬‡ï¸â¬‡ï¸â¬‡ï¸â¬‡ï¸â¬‡ï¸
(Wrong answers only) 
#VivaLaYotes",True,False,True
14,18048355354633982,Our top 5 submissions of the yearâ€¼ï¸ Send us content over the weekend to post ğŸ¥²â¤ï¸ #VivaLaYotes,True,False,True
15,17877481380011932,Weâ€™re so close ğŸ™ğŸ» #VivaLaYotes,True,False,True
16,18031950991982099,"Concerned for the dude with the bio
#VivaLaYotes #TinderTuesday",False,True,True
17,18033862801916442,Iâ€™m never drinking again #SundayScaries #VivaLaYotes,False,True,True
18,17851899345180585,If being down bad was a sport this guy would be an Olympic medalist #VivaLaYotes,False,True,True
19,17897027438994728,"As our seniors time runs down, we just wanna say weâ€™ll miss you. Hope every single one of you achieve your goals in life. - Barstool ğŸ«¶ğŸ¼
#VivaLaYotes",True,False,True
20,17953164581785920,What the fuck is going on in beacomğŸ¤£  #VivaLaYotes,False,True,True
21,17900734922905154,"Fuck tinder. Sliding in through your school email is even better ğŸ”¥ğŸ”¥ğŸ”¥
#VivaLaYotes #MUCRizz",True,False,True
22,18049993039567819,"The forbidden char soup ğŸ˜‹
#VivaLaYotes",True,False,True
23,18049595050651468,"That poor grandpa..
#VivaLaYotes #TinderTuesday",False,True,True
24,17978530313647541,"Bros rizz is immaculate
#VivaLaYotes",False,True,True
25,18204684652303782,"Bar Crawl: 2
Me: 0
Next year is my year ğŸ˜ˆ
#VivaLaYotes",True,False,True
1,18332744740187372,WAKE THE FUCK UP USD LETS RAGE #BarCrawl #VivaLaYotes,False,True,True
2,17914903361918938,"This might be one of the funniest submissions ive ever gotten ğŸ¤£ğŸ¤£ğŸ¤£
#VivaLaYotes",False,True,True
3,17992541033425490,Someoneâ€™s getting fired ğŸ˜… #VivaLaYotes  @vpdpics,True,False,True
4,18433024795008112,"That car turned into a boat ğŸ˜³
#VivaLaYotes",True,False,True
5,18033754969757587,Personally Iâ€™m not going to class for at least a week after that ğŸ¤£#VivaLaYotes,False,True,True
6,17842544964211166,"I hate when my pet fish takes my phone and rizzes chicks on tinder ğŸ˜¡ğŸ˜¡
#VivaLaYotes #TinderTuesday",True,False,True
7,18092878945411567,"These horses randomly spawn in every semester
#VivaLaYotes",False,True,True
8,17957546867759669,Summer is so fucking backâ€¼ï¸ #VivaLaYotes,True,False,True
9,17989428605635812,"Gotta vacuum the cement ğŸ«£
#VivaLaYotes",False,True,True
10,18017001134269293,"Before this video they were caught sniffing them.. 
#VivaLaYotes",False,True,True
11,17864953023100503,"RIP GOAT ğŸ˜”
#VivaLaJuice",True,False,True
12,17882394081029404,"Count Rizzula
#TinderTuesday #VivaLaYotes",False,True,True
13,18022207931130873,Bronny James has officially announced his commitment to USD â€¼ï¸ğŸ˜ˆğŸ˜ˆğŸ˜ˆ #VivaLaYotes,True,False,True
14,18039903988764566,"Nothing but facts here. @hobosbarstool 
#VivaLaYotes",False,True,True
15,17988195182481461,"Happy Easter, yotes ğŸ°
#VivaLaYotes",True,False,True
16,17858937474130808,"Dear god please Iâ€™m shaking
#VivaLaYotes",False,True,True
17,18014001302205800,"Someone got hit in the head with the char plunger ğŸ¤¢ğŸ¤¢
#VivaLaYotes",False,True,True
18,17997550913569458,"ğŸ’¥ANNOUNCEMENTğŸ’¥
Happy to announce that the USD bar crawl will be on April 20th! The following bars will open at:
Leoâ€™s - 8 AM (Will have breakfast)
Varsity - 9 AM
Careyâ€™s - 10 AM
OLC - 11 AM
Pub - 11 AM
Char - 5 PM
Hollarr - RIP ğŸ˜Ÿâ˜ğŸ»

Better see a lot of you there!
#VivaLaYotes #CommenseSuckDown",True,False,True
19,17940738521799932,Next up is @loganhaa for the USD Barstool Bachelor championship round. We asked both contestants to make a â€œday in the life of a barstool bachelorâ€ video. Voting is live on the story for the next 24 hours. GO VOTE ğŸŒ¹ #VivaLaYotes,True,False,True
20,17922296813856958,First up is @_millerjesse_ for the USD Barstool Bachelor championship round. We asked both contestants to make a â€œday in the life of a barstool bachelorâ€ video. Voting is live on the story for the next 24 hours. GO VOTE ğŸŒ¹ #VivaLaYotes,True,False,True
21,18051788686595540,"REST IN PEACE TO THE UNIVERSEâ€™S HOTTEST NIGHT CLUB ğŸ˜• 2021-2024
@hollarrbar 
#VivaLaYotes #VivaLaHollarr",True,False,True
22,17992368980378586,The final 4 contestants are set. GO VOTE ON OUR STORY ğŸŒ¹ğŸ‘€ #VivaLaYotes,True,False,True
23,18003647978200173,Here are your FINAL 4 contestants for the 2024 USD bachelor ğŸŒ¹. Voting will begin now on the story for the next 24 hours. Iâ€™ll post the bracket in a separate post because instagram wonâ€™t resize the image automatically. GO VOTE ğŸ™ğŸ» #VivaLaYotes,True,False,True
24,18033266170879209,Let the great migration begin #VivaLaYotes,False,True,True
25,18025446469985715,Here are your TOP 8 barstool bachelors ğŸŒ¹ Head over to the story to vote for your favorite bachelors. Voting will close tomorrow at 9:00pm to announce the top 4 contestants ğŸ‘€ The bracket will be posted following this post ğŸ™ğŸ»#VivaLaYotes,True,False,True
1,18001456091394007,"This weekend has me in shambles right now
#VivaLaYotes",False,True,True
2,18418512652003508,"Here are the last round 2 contestants ğŸŒ¹ Voting will start at 6:00pm on our story, GO VOTE #VivaLaYotes",True,False,True
3,18022901159076872,Here are the 2nd round contestants for the left side of the bracket ğŸŒ¹ There will be another post following the right side bracket contestants. Voting will start at 6:00pm on our storyğŸ‘€ #VivaLaYotes,True,False,True
4,17991551693365255,"After seeing this video, I am officially leaving this town and transferring.
#VivaLaYotes",False,True,True
5,17936534741800206,"Chat is this fucking real..
#VivaLaYotes",False,True,True
6,18009911105077440,"USD MEN:
Are you tired of going downtown and getting absolutely no play? Letâ€™s hop off of tinder for a bit and let me help you find the future love of your life (hopefully).
DM ME TO NOMINATE EITHER YOURSELF OR A FRIEND! APPLICATIONS WILL BE CLOSING TOMORROW NIGHT!
Tag a friend in the comments who should apply!
#VivaLaYotes",False,True,True
7,18014825720476215,"â€œFreshness guaranteedâ€ my ass
@walmart you have 24 hours to respond 
#VivaLaYotes",False,True,True
8,18064566850500366,ST. PATRICKâ€™S DAY MERCH JUST DROPPED â˜˜ï¸ ğŸ» LINK IN BIO - ORDER BEFORE WEâ€™RE SOLD OUT â€¼ï¸ #VivaLaYotes,True,False,True
9,17912965067898490,"New word unlocked: meat monkey
#VivaLaYotes",False,True,True
10,18258228769235972,"All girls are 100% folding if they get these messages
#VivaLaYotes",False,True,True
11,18036044314751305,"This professor needs a hug asap ğŸ˜”
#VivaLaYotes",True,False,True
12,18017501083899979,"A true gentlemen.
#VivaLaYotes",False,True,True
13,17996360309302542,One last hail mary before Valentineâ€™s day ğŸ™ğŸ» #VivaLaYotes,True,False,True
14,17913897626870031,"What the FUCK is going on in verm ğŸ¤£ğŸ¤£ğŸ¤£ğŸ¤£
#VivaLaYotes",False,True,True
15,17986965815416125,"Iâ€™ve never seen sadness on the char dance floor until now.. 
#VivaLaYotes",False,True,True
16,18020705741005184,"Camera roll âœ¨dumpâœ¨
#VivaLaYotes",True,False,True
17,18053587453545740,"Beer die is so fucking back
#VivaLaYotes",False,True,True
18,18005099279111962,Coyote football alum is going back to the Blue Bombers. Looks like another Grey Cup is coming to the city of Winnipeg ğŸ‘€,True,False,False
19,18007580654259422,"The OJ Simpson of Vermillion 
#VivaLaYotes",False,True,True
20,17850278436133995,Leave it in the comments â¬‡ï¸â¬‡ï¸â¬‡ï¸,True,False,False
21,17874990546029909,"They will never be able to take our zyns.
#VivaLaYotes",False,True,True
22,18040574020580555,"New Yearâ€™s resolution is still going ğŸ™ğŸ¼
#VivaLaYotes",True,False,True
23,17903525423921926,"Girls with eyebrows ğŸ˜©ğŸ˜©ğŸ˜©
#VivaLaYotes #TinderTuesday",True,False,True
24,18025946062919295,"This guy was trying to throw up a full court shot.. 
#VivaLaYotes",False,True,True
25,17896489676877161,"The grind never fucking stops
#VivaLaYotes",False,True,True
1,18006067772248665,"Damn, guys canâ€™t do shit.. How are we feelin boys? ğŸ¤”
#VivaLaYotes",False,True,True
2,17937639314789393,"A drown on a Sunday with no school the next day should be illegal
#VivaLaYotes",False,True,True
3,18033623914696015,"Munch Academy attendance ğŸ“ˆ
#VivaLaYotes #TinderTuesday",True,False,True
4,18000640850517863,"This weather fucking blows
#VivaLaYotes",False,True,True
5,18331284277101938,"Bonnieâ€™s kinda smooth with those turns ğŸ˜³ğŸ˜³
#VivaLaYotes",True,False,True
6,18014462563930563,"Get this guy a scholarship @sdcoyotesfb 
#VivaLaYotes",False,True,True
7,17909342732895088,"Whoever this is pick me up in 15 Iâ€™m ready to go
#VivaLaYotes",False,True,True
8,18077232361394518,"Great way to spend a snow day
#VivaLaYotes",False,True,True
9,18290950237157436,"SEND IN SNOW CONTENT â€¼ï¸
#VivaLaYotes",True,False,True
10,18254995765169796,"Mood for school tomorrow
#VivaLaYotes",False,True,True
11,18402325096035232,"Nothing like posting OLC twice in a row ğŸ”¥ğŸ’¯ #NotAnAd
#VivaLaYotes",True,False,True
12,18002671148100380,"Iâ€™m so glad I didnâ€™t go to olc last night holy shit
#VivaLaYotes",False,True,True
13,18369821011076090,"Throwback to 2018 DDAYS ğŸ‘€
#VivaLaYotes",True,False,True
14,18032876551707803,"This guy has immaculate rizz. Is he valid with all of convos?
#VivaLaYotes #TinderTuesday",False,True,True
15,17982834443391970,"Merry Christmas! I hope everyone from SDSU got coal this year.
#VivaLaYotes",False,True,True
16,18037162978654405,Persistence. #VivaLaYotes,False,True,True
17,18027855688835399,"We found ways to pass when we didnâ€™t think it was possible ğŸ˜¤
#VivaLaYotes",True,False,True
18,18076194577426911,"âš ï¸BREAKINGâš ï¸
VERMILLION WILL BE HOSTING SUPER BOWL LXII
#VivaLaYotes",True,False,True
19,18008896583289817,Finals week rizzâ€¼ï¸â€¼ï¸ #TinderTuesday #VivaLaYotes,True,False,True
20,17920969472745015,"Dude had to get his pre-pumps in before his tinder girl came in 3 hours 
#VivaLaYotes",False,True,True
21,17846711736106535,"Drop them in the comments and why? â¬‡ï¸ğŸ‘€
#VivaLaYotes",True,False,True
22,18034309051628993,"Nothing beats taking your birth control at the bar. âœ¨Girl Bossâœ¨
#VivaLaYotes",True,False,True
23,17906095220808432,I want to cry but Iâ€™m proud of our boys this season. It was an exciting one. Weâ€™ll be back.,False,True,False
24,18030160537691569,"Ayo snake shotgun â‰ï¸ğŸ¤¨ 
#VivaLaYotes",True,False,True
25,17844014463117791,"WAKE THE FUCK UP WEâ€™RE ABOUT TO PLAY IN THE BIGGEST GAME IN USD HISTORY ğŸº
#VivaLaYotes",True,False,True
1,17987817413592263,"Honestly I get it. Sheâ€™s looking for a boyfriend but heâ€™s a husband.
#VivaLaYotes",False,True,True
2,18405155155040396,"Someone drove into Viejo ğŸ˜”
#VivaLaYotes",True,False,True
3,17980617698402671,"USD VS THE WORLD
#VivaLaYotes",False,True,True
4,17877896036995435,"Stop giving us parking tickets and weâ€™ll give back the light pole ğŸ—£ï¸
#VivaLaYotes",True,False,True
5,17914130789842670,SOLD OUT! STUDENTS CLICK THE LINK ON MY STORY TO GET YOUR TICKETS. THEYRE STILL AVAILABLE â€¼ï¸â€¼ï¸,True,False,False
6,17990124101276984,"Canâ€™t wait to watch bison fans throw a tantrum this weekend after they get knocked out of the playoffs AND lose to us twice this year ğŸ¤£ğŸ¤¡ 
#VivaLaYotes",False,True,True
7,18062421955479615,"Honestly I respect the hustle ğŸ«¡
#VivaLaYotes",False,True,True
8,18237444760244564,"Dude needs to retire from football and become the pizza boy that he needs to be
#VivaLaYotes",False,True,True
9,18009377084109174,"30 MINUTES TILL KICKOFF GO YOTES 
#VivaLaYotes",False,True,True
10,18011031167014660,"Tomorrows the day. @aidanbouman 
#VivaLaYotes",False,True,True
11,18318029560117658,"ğŸ FIZZ FRIDAY ğŸ
#VivaLaYotes",True,False,True
12,17990277926250302,"You know youâ€™re desperate when outlooks your last resort to contact her ğŸ¤£ 
#VivaLaYotes",False,True,True
13,17900481665830359,"Dude watched 4 hours of Andrew Tate videos and then decided to send these texts..
#VivaLaYotes",False,True,True
14,18059248096484154,You think he hit??? #VivaLaYotes,False,True,True
15,18013495942989909,Hope you had a good day on the bench while your team won ğŸ˜ˆ See you Saturday for this ass beating. @thecarsoncamp,True,False,False
16,18017046226779834,Letâ€™s hear â€˜em #VivaLaYotes,False,True,True
17,17972928374494634,"Once he started slipping he knew there was nothing he could do ğŸ˜‚
#VivaLaYotes",True,False,True
18,17976813530625575,No excuses #VivaLaYotes,False,True,True
19,18060779959479015,"Everyone is home for break ğŸ¥²
#VivaLaYotes",False,True,True
20,18020370355882395,"9-2 to end the regular season. Great day to be a yote! 
#VivaLaYotes",False,True,True
21,18204244729287331,"ITS FUCKING GAMEDAY AND WESTERN ILLINOIS IS 0-10 AND SHIT â€¼ï¸
#VivaLaYotes",True,False,True
22,17978997494403629,"Why does the char bathroom always get nuked ğŸ¤£
#VivaLaYotes",False,True,True
23,18006041702286389,Name a better town. Iâ€™ll wait. #VivaLaYotes,False,True,True
24,18074627968421655,Joe always keepin it ğŸ’¯ #TinderTuesday #VivaLaYotes,True,False,True
25,17884492352901555,"What a week. My body hurts.
#VivaLaYotes",False,True,True
1,17879853389921034,Buddy is definitely not passing his class #VivaLaYotes,False,True,True
2,18010835747057662,"LETS FUCKING GOOOOOO
#VivaLaYotes",False,True,True
3,18001768796017979,ITS THE LAST TAILGATE. WAKE THE FUCK UP AND LETS RAGE â€¼ï¸â€¼ï¸â€¼ï¸,True,False,False
4,17987956874262087,"WHAT THE FUCK NOT THE DIRTY CHAR DANCE FLOOR JUICE
#VivaLaYotes",False,True,True
5,17899221260903220,"Mayor of Vermillion needs impeached.
#VivaLaYotes",False,True,True
6,17919848495730771,These are getting out of hand ğŸ˜­ #TinderTuesday #VivaLaYotes,True,False,True
7,18020762719868959,"Dude did not want to go to his 8 am this morning
#VivaLaYotes",False,True,True
8,18397637728006186,"I donâ€™t know how he didnâ€™t stick to the floor
#VivaLaYotes",False,True,True
9,17993349221348892,"The muc started adding flies for extra protein 
#VivaLaYotes",False,True,True
10,18372711226069448,"Coyotes win. Letâ€™s finish out the rest of the season. 
#VivaLaYotes",False,True,True
11,18037493116588227,"ITS GAMEDAY LETS FUCKING GO 
#VivaLaYotes",False,True,True
12,17845524489091087,"APPLYING TO LAW SCHOOL RIGHT FUCKING NOW #swiftieâœ¨
#VivaLaYotes",True,False,True
13,17849404095076591,"Whoâ€™s the genius behind bringing inflatables to a tailgate while snowing
#VivaLaYotes",False,True,True
14,18023953768749985,"He was him yesterday.
#VivaLaYotes",False,True,True
15,17989443038387178,"Logging off for the night. Sad yotes fan. Very disappointed in our performance. Weâ€™ll be back. 
#VivaLaYotes",False,True,True
16,18031393663719777,"FUCK THE JACKRABBITS. Already got dead ones on the fields.
#VivaLaYotes",False,True,True
17,18008093288043017,"THE BOB DROP IS GETTING BROUGHT OUT TODAY. FUCK STATE â€¼ï¸
#VivaLaYotes",True,False,True
18,18043031692495797,"You are a disgrace to barstool thatâ€™s how bad you guys are. BEST BARSTOOL IN THE STATE ğŸ‘‘
#VivaLaYotes @hobosbarstool",True,False,True
19,17997227288208045,"I know itâ€™s not Tuesday but DAMN he got bodied
#VivaLaYotes",False,True,True
20,17997672299214957,"Open up ğŸ˜ˆ
#VivaLaYotes",True,False,True
21,17910346457835296,"No surprise here. Shit eaters. FUCK STATE â€¼ï¸
#VivaLaYotes",True,False,True
22,17889117467865002,"We asked an AI generator what campus would look like in 1000 years. Whatâ€™re your thoughts? 
#VivaLaYotes",False,True,True
23,17985826223265994,"@hobosbarstool you guys gonna say anything this week or be the shitty inactive barstool account that you are?
#VivaLaYotes",False,True,True
24,18238555021211565,"Calm before the storm. Weâ€™re coming.
#VivaLaYotes",False,True,True
25,17989411562457415,"I hope the 12 disciples went to hollarr this weekend
#VivaLaYotes",False,True,True
1,18022006726774667,"ITS GAMEDAY
#VivaLaYotes",False,True,True
2,17910672518831416,"Okay now these people are just showing off their horses at this point 
#VivaLaYotes",False,True,True
3,17884879838946875,"We all know what happened the last time SDSU came to town. Now @collegegameday needs to experience this rivalry. Cant wait to see you announce Vermillion as the location tomorrow ğŸ˜
#VivaLaYotes #GamedaytoVermillion",True,False,True
4,18301982644184851,"JUST KIDDING, weâ€™re posting until @collegegameday announces that theyâ€™re coming to Vermillion on Saturday. One of the longest rivalries is waiting for you guys.. 
#VivaLaYotes #GamedaytoVermillion",False,True,True
5,18238264465215458,"What a beautiful background for a college gameday. The state of South Dakota is ready to welcome you to vermillion. Hope to see you next weekend! @collegegameday 
#VivaLaYotes #collegegameday",False,True,True
6,18046758964516609,"Donâ€™t worry, we didnâ€™t forget about you. Fatherâ€™s Day will be coming early on Saturday. 
#VivaLaYotes",False,True,True
7,18390965851010145,Iâ€™m starting to sound like a broken record here but the state of South Dakota wants college gameday to come to Vermillion on October 28th. Letâ€™s put FCS football on the map. ğŸ˜ @collegegameday,True,False,False
8,18004596053305473,"Same energy 
#VivaLaYotes",False,True,True
9,17964594503644175,"@collegegameday OCTOBER 28th. VERMILLION, SOUTH DAKOTA. One of the biggest in-state rivalries in college football. See you soon ğŸ˜",True,False,False
10,17956735826543159,"First rankings and weâ€™re already #1 ğŸ¤·ğŸ¼â€â™‚ï¸
#VivaLaYotes",True,False,True
11,17994258539100317,"Bro save some pussy for the rest of us !
#VivaLaYotes",False,True,True
12,17978899322587788,A career day for @aidanbouman and the coyotes roll to 5-1 ğŸ“ˆ,True,False,False
13,17951581016686433,GET FUCKED @barstoolysu,False,True,False
14,18006885040880231,"Big game tomorrow against #23 Youngstown State. Show out at the dome and letâ€™s fucking go.
#VivaLaYotes",False,True,True
15,18023426959742969,"Itâ€™s always Modelo time at Starbucks ğŸ»
#VivaLaYotes",True,False,True
16,18373047361066402,a lot of bold ones this week ğŸ¤£ #VivaLaYotes #TinderTuesday,False,True,True
17,18002873618107160,"Iâ€™ve never been so excited for FCS football in my life
#VivaLaYotes",False,True,True
18,18006271454046630,"This weekend took off 10+ years of my lifespan
#VivaLaYotes",False,True,True
19,17931628787762077,"DDAYS WEEKEND RECAP, âš ï¸there will be more posts today so send in your content to be featured âš ï¸
#VivaLaYotes",True,False,True
20,17855781516016775,yotes win. #VivaLaYotes,False,True,True
21,17960294312511667,"Donâ€™t be like this guy.. ITS TIME TO FUCKING RAGE
#VivaLaYotes",False,True,True
22,17864651022007445,"YO who took Bonnieâ€™s scooter â‰ï¸ğŸ¤¨
#VivaLaYotes",True,False,True
23,18002107148107238,"The forbidden char dance floor drink ğŸ˜³
#VivaLaYotes",True,False,True
24,17992736267093416,drown is going to be a war zone #VivaLaYotes,False,True,True
25,17955838157534086,bath water is crazy ğŸ˜­ğŸ˜­ #VivaLaYotes #TinderTuesday,True,False,True
1,17894299430827249,"You scared for saturday? @barstoolmurray 
#VivaLaYotes",False,True,True
2,18003013946086160,"DDAYS is upon us folksâ€¦
#VivaLaYotes",False,True,True
3,18014957992895080,"HOLY FUCK I HAVENT BEEN THIS HAPPY SINCE CHRISTMAS OF 2007
#VivaLaYotes",False,True,True
4,17878824059899901,@barstoolndsu,False,True,False
5,18035586751566473,"Oh god here we go again.. 
(Send in content of this man)
#VivaLaYotes",False,True,True
6,18100663435318171,"Damn an L on homecoming sure is gonna suck. 
#VivaLaYotes #SkeeYee",False,True,True
7,18025266328638251,slow stroke king #VivaLaYotes,False,True,True
8,18001155584298957,Matching with the alcohol prevention speaker is crazy ğŸ’€#VivaLaYotes,True,False,True
9,17953096487551143,"Vermillion is burning down this weekend
#VivaLaYotes",False,True,True
10,17876985140907844,"That seemed a little personal.. 
#VivaLaYotes",False,True,True
11,18015437236835039,verm squirrels getting a little too comfortableğŸ¤¨ #VivaLaYotes,False,True,True
12,17983458179426888,"I donâ€™t know how to spell gongeous either
#VivaLaYotes",False,True,True
13,17872110800975142,"Walmart brand Napoleon Dynamite 
#VivaLaYotes",False,True,True
14,17997980632981807,"Fever dream last night
#VivaLaYotes",False,True,True
15,18001758824305065,WAKE THE FUCK UP VERMILLION ITS GAMEDAY  #VivaLaYotes,False,True,True
16,18059077471414666,"Protein
#VivaLaYotes",False,True,True
17,18388181719034957,"LETS GET FUCKING WEIRD THIS WEEKEND 
#VivaLaYotes",False,True,True
18,18019727794704137,"Your grammar might be atrocious but now everyone knows how girl boss you are âœ¨ Fuckin Steve man ğŸ˜”ğŸ˜”ğŸ˜”ğŸ˜”ğŸ˜”
#VivaLaYotes",True,False,True
19,17990398391092655,@sdcoyotesmbb sign him immediately #VivaLaYotes,False,True,True
20,18028331704610407,"Phil Mickelzyn would be proud
#VivaLaYotes",False,True,True
21,18063718648434458,"Fuck homework in the library, we rockin with droppin watermelons there now â‰ï¸
#VivaLaYotes",True,False,True
22,18097321702355564,"Dear god none 
#VivaLaYotes",False,True,True
23,18027315661621435,get daddied @tommie_barstool ğŸ¤¡ğŸ˜¢ #VivaLaYotes,True,False,True
24,17859393461981518,"WAKE THE FUCK UP VERMILLION ITS TIME TO RAGE 
#VivaLaYotes",False,True,True
25,18386614111055290,WHAT THE FUCK IS A TOMMIE â€¼ï¸â€¼ï¸ @tommie_barstool,True,False,False
1,17909418515748309,"The dawgs were out at dominos â€¼ï¸â€¼ï¸
#VivaLaYotes",True,False,True
2,17951826683548405,who hurt the parking bozos ğŸ˜­ #VivaLaYotes,True,False,True
3,17930150138653579,"Bonnie heard that breezes were on high demand so she bought out the whole store
#VivaLaYotes",False,True,True
4,18015593443794301,Why Valero doesnâ€™t have a pump anymore ğŸ˜¢ #VivaLaYotes,True,False,True
5,17904800300762952,"Buddy tried to trust fall a counter
#VivaLaYotes",False,True,True
6,18380476966004217,Bet that dog could whip up a mean enchilada #GoodBoyFriday #VivaLaYotes,False,True,True
7,17985292166467063,PSA: There is a bear on the loose right now on campus. It was last spotted at the muc. #VivaLaYotes,False,True,True
8,17871098924918865,"God your guys classes are so hard @hobosbarstool 
#VivaLaYotes",False,True,True
9,17969036774391962,"I fucking love dinosaurs
#VivaLaYotes #TinderTuesday",False,True,True
10,18071073844409139,"A healthier alternative to vaping
#VivaLaYotes",False,True,True
11,18381021877016730,I wouldâ€™ve paid the $1000 #VivaLaYotes,False,True,True
12,18014285473802017,â€œIâ€™ll get a 4.0 this semesterâ€ ğŸ¤¡ #VivaLaYotes,False,True,True
13,17980203605228736,"He definitely didnâ€™t make mass com today
#VivaLaYotes",False,True,True
14,18026881915559241,alright who put a rotisserie chicken in the coyotes mouthğŸ¤£ #VivaLaYotes,False,True,True
15,18227486203242933,@usouthdakota fire this professor immediately #VivaLaYotes,False,True,True
16,17984797937131250,"I donâ€™t know the difference between woman and women either 
#VivaLaYotes #TinderTuesday",False,True,True
17,18021428116653457,Tf going on in Walmart ğŸ¤¨ #VivaLaYotes,False,True,True
18,17997582589912043,weâ€™re so back. #VivaLaYotes,False,True,True
19,18051538810421126,@hobosbarstool you canâ€™t come into our territory and do this ğŸ˜­ #VivaLaYotes,True,False,True
20,18069579304400482,current weather update #VivaLaYotes,False,True,True
21,17964578060429510,"Rumor has it, no beer was safe that night..
#VivaLaYotes",False,True,True
22,18025756693605643,hope your summer is going better than them ğŸ˜… #VivaLaYotes,True,False,True
23,17990215406169788,yâ€™all get more creative every week ğŸ¤£ #VivaLaYotes #TinderTuesday,False,True,True
24,17985033365206904,almost that time of year ğŸ˜ˆ #VivaLaYotes,True,False,True
25,18371463703010649,yâ€™all hype for the extra protein supplements in the MUC?ğŸ‘€ #VivaLaYotes,True,False,True
1,18013377151686072,couldnâ€™t be usğŸ¤·â€â™‚ï¸ #VivaLaYotes,True,False,True
2,18023028136537334,No place like home #VivaLaYotes,False,True,True
3,17947602536531168,Name this exercise #VivaLaYotes,False,True,True
4,17962273994544727,This guy gets it #VivaLaYotes,False,True,True
5,18014337175725074,happy #TinderTuesday #VivaLaYotes,False,True,True
6,17870843351942013,stay safe out there yotes ğŸ˜… #VivaLaYotes,True,False,True
7,18196319821266070,back to back world war champs #VivaLaYotes,False,True,True
8,17853793103993733,"happy 4th of July, yotes ğŸ‡ºğŸ‡¸ğŸ»#VivaLaYotes",True,False,True
9,17962512965386016,yâ€™all need to stop ğŸ˜­ğŸ˜­ #VivaLaYotes,True,False,True
10,18086573038355408,State kids donâ€™t know how to act in verm #VivaLaYotes,False,True,True
11,18298243237107793,rip breeze ğŸ˜”ğŸ˜” #VivaLaYotes,True,False,True
12,17999752723914002,what made bro think that was a good idea ğŸ˜­ğŸ˜­#VivaLaYotes,True,False,True
13,18014754196577953,down. bad.  #TinderTuesday #VivaLaYotes,False,True,True
14,17980954484218458,@hobosbarstool iâ€™m very disappointed. #VivaLaYotes,False,True,True
15,17884557272797555,seems like summer is off to a great start ğŸ¤£ #VivaLaYotes,False,True,True
16,17975210318345439,yâ€™all are foul ğŸ¤£ #TinderTuesday #VivaLaYotes,False,True,True
17,17984698142166295,Anything but a car discount at McDicks all week #VivaLaYotes,False,True,True
18,17988543127920044,summer verm is not for everyoneğŸ¤£ #SundayScaries #VivaLaYotes,False,True,True
19,18224587048170087,life is better in verm #VivaLaYotes,False,True,True
20,17955509888467433,no fish weâ€™re harmed in this video (it swam away after) #VivaLaYotes,False,True,True
21,17996801578781858,canâ€™t wait to be back ğŸ¥² #VivaLaYotes,False,True,True
22,17982510587010742,that time of year again ğŸ˜ˆ #VivaLaYotes,True,False,True
23,17997263173754204,Priorities #VivaLaYotes,False,True,True
24,17954024423613372,legend has it Nick is still looking for the squirter in his lifeğŸ˜” #TinderTuesday #VivaLaYotes,True,False,True
25,17957595818603093,nah nah heâ€™s chillin #VivaLaYotes,False,True,True
1,18061062259400472,itâ€™s his world and weâ€™re all living in it ğŸ˜­ #VivaLaYotes,True,False,True
2,18024256129495534,How did this work??? #VivaLaYotes,False,True,True
3,17891905772821863,at least he tried #VivaLaYotes,False,True,True
4,17980834643174728,Boomerangs are in right now #VivaLaYotes #tindertuesday,False,True,True
5,17965741394285994,this must be what the townies witness every night ğŸ˜­ #VivaLaYotes,True,False,True
6,17864673692930660,RIP fallen soldier ğŸ«¡ #VivaLaYotes,False,True,True
7,18001135456768605,When tinder isnâ€™t working #VivaLaYotes,False,True,True
8,18357137881010707,wait a sec. #VivaLaYotes,False,True,True
9,17985625226080048,so all the college students leave and everyone forgets how to functionğŸ˜­ #VivaLaYotes,True,False,True
10,17866612190922361,Summer rizz #VivaLaYotes #tindertuesday,False,True,True
11,18215514568161966,sounds about right ğŸ«  #VivaLaYotes,False,True,True
12,17987028404048868,i guess those AI detectors actually work ğŸ«  #VivaLaYotes,False,True,True
13,17965575365413320,the NPCs are the only ones left in verm ğŸ¥² #VivaLaYotes,False,True,True
14,18015090505528514,The guys have clapped back @usdchicks #VivaLaYotes,False,True,True
15,18078364834361591,Bud light sales rn ğŸ“‰#VivaLaYotes,True,False,True
16,18092175115331142,Summer parties off to a great start #VivaLaYotes,False,True,True
17,18207318505222304,not the froot loops ğŸ˜­#VivaLaYotes,True,False,True
18,17861970422935291,These guys know how to efficiently move out #VivaLaYotes,False,True,True
19,18294526012101628,"We did it yotes, another year down #VivaLaYotes",False,True,True
20,17994663889745998,Being on the clock doesnâ€™t stop the party #VivaLaYotes,False,True,True
21,17978968388029244,"youâ€™ll be missed, seniors ğŸ«¡#VivaLaYotes",False,True,True
22,17995060402881676,itâ€™s his world and weâ€™re all living in it ğŸ˜­ ğŸ¤£#VivaLaYotes,True,False,True
23,17976497036224768,bros got his priorities straight ğŸ¤£ #VivaLaYotes,False,True,True
24,17879446364808395,good luck on your finalsğŸ˜ˆ #VivaLaYotes,True,False,True
25,17974889750497085,in case u were wondering what your tuition goes towardğŸ¥² #VivaLaYotes,False,True,True
1,17987425843989180,Huge congrats to former coyote @alexjensen01 #VivaLaYote,False,True,True
2,18358117867015737,This canâ€™t be legal ğŸ˜‚ #VivaLaYotes,True,False,True
3,17992783816786622,Common Freshman L #VivaLaYotes,False,True,True
4,18026252593512619,"every bar will be open all day tomorrow for the usd bar crawlâ€¼ï¸â€¼ï¸

here are the times each bar will open:
- Leoâ€™s: 8am (5$ breakfast, 4$ mimosas and bloody maryâ€™s) 
- Hollar: 8am (buy 3 shots get one free)
- Varsity: 8am
- Pub: 9am 
- Careys: 10:30am 
- OLC: 11am
- Char: 10am

see u thereğŸ˜ˆ @hollarrbar @leos_sportsbar @charbarverm @oldlumbercompany @thevarsitypub @careysbar #VivaLaYotes",True,False,True
5,18046150120441664,Itâ€™s that time of year #VivaLaYotes,False,True,True
6,17889269999760884,Free pocket pussy in the dorms #VivaLaYotes,False,True,True
7,17905893953767578,down. bad.  #TinderTuesday #VivaLaYotes,False,True,True
8,17945358917618425,spring is such a magical time #VivaLaYotes,False,True,True
9,17844326783977082,No one was injured in this video #sundayscaries #VivaLaYotes,False,True,True
10,18218153143174859,Was worth a shot #VivaLaYotes,False,True,True
11,17967821705167707,Bro didnâ€™t even try to hide it #VivaLaYotes,False,True,True
12,17996038669875833,"itâ€™s a national holiday confirmed, happy 4/20 yotes ğŸ«¡ #VivaLaYotes",False,True,True
13,18204018790223391,bros just laughing through it allğŸ˜­ #VivaLaYotes,True,False,True
14,17982978986020786,Definitely some bold ones this week #TinderTuesday #VivaLaYotes,False,True,True
15,17990136679800686,My guess is Doba #VivaLaYotes,False,True,True
16,17961193697518741,The most nonchalant fight Iâ€™ve ever witnessed #VivaLaYotes,False,True,True
17,17985260317875457,why are professors like this ğŸ˜­#VivaLaYotes,True,False,True
18,17985054077001298,peak male performance #VivaLaYotes,False,True,True
19,17869663043839405,Petition to put a few holes on campus #VivaLaYotes,False,True,True
20,18250284715153277,how do yâ€™all come up with these ğŸ˜­ #TinderTuesday #VivaLaYotes,True,False,True
21,17950807103410785,everyone needs a classmate like himğŸ˜­ğŸ¤£#VivaLaYotes,True,False,True
22,17983081409047487,"He is rizzen, he is rizzen indeed #VivaLaYotes",False,True,True
23,17988768241903993,"Check out the Cook House on campus if you ever need any counseling services. They are here to help. If you ever are in a crisis regarding your mental health, call them at 605-658-3580 #VivaLaYotes",False,True,True
24,17984946319971584,she definitely got the excused absence ğŸ¤£#VivaLaYotes,False,True,True
25,17968794137117175,200 IQ for taping the bottle before jumping ğŸ¤£ #VivaLaYotes,False,True,True
1,17984725162841195,happy #TinderTuesday #VivaLaYotes,False,True,True
2,17853591407945713,What the dog doingğŸ¤¨ #VivaLaYotes,False,True,True
3,18242119852089219,great day to be a yote ğŸ˜ˆğŸ‘€ #VivaLaYotes,True,False,True
4,18183017380252918,i wonder why ğŸ¤” #VivaLaYotes,False,True,True
5,17999949409734728,Idk whether to be disappointed or proud #VivaLaYotes,False,True,True
6,18210900739213326,what has this town come toğŸ˜”#VivaLaYotes,True,False,True
7,18021056824516573,verm squirrels are not real #VivaLaYotes,False,True,True
8,17975071337133636,Try not to visualize the Oreo line challenge #VivaLaYotes #tindertuesday,False,True,True
9,17970476591213065,whoâ€™s really in the wrong hereğŸ¤”#VivaLaYotes,False,True,True
10,17991317860861696,@leos_sportsbar wins as the top bar of 2023 ğŸ‘€ğŸ˜ˆ#VivaLaYotes,True,False,True
11,18360975400058497,The cops didnâ€™t deserve this show #sundayscaries #VivaLaYotes,False,True,True
12,17975756935997022,final round is live. vote on story ğŸ˜ˆğŸ‘€ #VivaLaYotes,True,False,True
13,17948696864412774,the NPCs were active last night #VivaLaYotes,False,True,True
14,17972296571480018,common @vpdpics L #VivaLaYotes,False,True,True
15,18002429548647802,round 2 is live. Vote on the story ğŸ˜ˆ #VivaLaYotes,True,False,True
16,17961536867381952,Bro walked the plank into the Missouri #VivaLaYotes,False,True,True
17,17911889483717327,Make comforter jousting a regular thing please #VivaLaYotes,False,True,True
18,18351213772012183,"round 1 is live, go vote on the storyğŸ‘€ğŸ˜ˆ #VivaLaYotes",True,False,True
19,18167934202283467,"If at first you donâ€™t succeed, try 8 more times #tindertuesday #VivaLaYotes",False,True,True
20,18170882497278575,For free?? #VivaLaYotes,False,True,True
21,18079564768341433,#SpringBreakScaries at its finest #VivaLaYotes,False,True,True
22,17904323513674320,what happens on spring break stays on spring break #VivaLaYotes,False,True,True
23,18348758455027237,Spring break was something special this year #VivaLaYotes,False,True,True
24,17883593438810189,Pro tip: donâ€™t bring your wife to spring break #VivaLaYotes,False,True,True
25,17957282882300932,Pretty privilege works yet again #VivaLaYotes,False,True,True
1,17928975590557755,#tindertuesday spring break edition #VivaLaYotes,False,True,True
2,18007913161600141,Spring break house parties > #VivaLaYotes,False,True,True
3,17942111696612242,Trying to convince his girl to go on a week long â€œbreakâ€ #VivaLaYotes,False,True,True
4,17958455357517492,So it begins #VivaLaYotes,False,True,True
5,17883114041812435,Why does she even have a taser ğŸ˜­ #VivaLaYotes,True,False,True
6,17859195527910916,please have school be canceled tomorrow ğŸ™ğŸ»#VivaLaYotes,True,False,True
7,17920424924680506,itâ€™s never too late to switch to business ğŸ™ğŸ» #VivaLaYotes,True,False,True
8,17977112497930609,happy #TinderTuesday #VivaLaYotes,False,True,True
9,17884399928800623,another fallen soldier at the function #VivaLaYotes,False,True,True
10,17962144676166090,average Saturday night in verm #SundayScaries #VivaLaYotes,False,True,True
11,18176477560269624,New highway straight through campus now open #VivaLaYotes,False,True,True
12,17955099170306268,The walk home from thirsty Thursdays is always an adventure #VivaLaYotes,False,True,True
13,18167891869281427,I mean Iâ€™d be pissed too #VivaLaYotes,False,True,True
14,17919299642678993,"How real cops take care of business, take notes @vpdpics #VivaLaYotes",False,True,True
15,17999411647628870,Some of you guys really are sick #VivaLaYotes,False,True,True
16,17861970377852822,A cake will fix anything #VivaLaYotes,False,True,True
17,18095217259313249,lexi has unlimited grit #SundayScaries #VivaLaYotes,False,True,True
18,17983577068908368,the freshman are backğŸ«  #VivaLaYotes,False,True,True
19,17997658750711260,what shot did she take ??ğŸ˜… #VivaLaYotes,True,False,True
20,17948388080586428,@vpdpics what a great way to get students to come to USD!ğŸ¤¡#VivaLaYotes,False,True,True
21,18349751908041601,when will it end ğŸ˜ #VivaLaYotes,True,False,True
22,17989155028874779,itâ€™s that time of week again #TinderTuesday #VivaLaYotes,False,True,True
23,18346234003029119,those MUC struggle meals hit different #VivaLaYotes,False,True,True
24,17967048164321913,Verm drive through workers snitching nowğŸ˜ #VivaLaYotes,True,False,True
25,17947888316359605,Works every time #VivaLaYotes,False,True,True
1,17979631531962300,Glad to see my fellow yotes being safe #VivaLaYotes,False,True,True
2,17966018468190816,1k for a coat is wild #VivaLaYotes,False,True,True
3,17952394475308791,happy Wednesday ğŸ˜ˆ #VivaLaYotes,True,False,True
4,17968440542171427,happy Valentineâ€™s Day #VivaLaYotes,False,True,True
5,17994288157708582,Bro somehow continued to sing #VivaLaYotes,False,True,True
6,18002471692608206,congrats to USD alum and superbowl champ @cochranejack_ ğŸ˜ˆ#VivaLaYotes,True,False,True
7,17944740794397694,"to whoever did this, you dropped this ğŸ‘‘#VivaLaYotes",True,False,True
8,17970104378130488,Bro cock blocked himself #VivaLaYotes,False,True,True
9,17957082437460452,usd making players on and off the court #VivaLaYotes,False,True,True
10,17941566833576328,@charbarverm let the kids playğŸ˜” #VivaLaYotes,True,False,True
11,17940894521608155,Normalize ordering food dt #VivaLaYotes,False,True,True
12,18052987672382738,I say get that extra credit #tindertuesday #VivaLaYotes,False,True,True
13,17975786464891509,@hobosbarstool personally i wouldnâ€™t let that slide ğŸ˜¢ğŸ¤¡#VivaLaYotes,True,False,True
14,17946387941357341,She thought she found the one ğŸ¥² #VivaLaYotes @leilasroseband,False,True,True
15,17984509426738813,that unspoken rizz ğŸ“ˆ  #VivaLaYotes,True,False,True
16,17970805826111622,Common @barstoolndsu L #VivaLaYotes,False,True,True
17,17963736044213187,Favorite holiday of the year #VivaLaYotes,False,True,True
18,17937956984606893,Live at the quarters they said #VivaLaYotes,False,True,True
19,17953920989387142,The best day of the week #tindertuesday #VivaLaYotes,False,True,True
20,17992413304683037,Tinder on house floor is wild #VivaLaYotes,False,True,True
21,17967093812173801,must have been a rough Sunday for bro ğŸ¤£#SundayScaries #VivaLaYotes,False,True,True
22,17958341789158114,looks like the drunk bus taking a snow day ğŸ˜­ğŸ˜­ #VivaLaYotes,True,False,True
23,17988189367763906,you miss 100% of the shots you donâ€™t take  #VivaLaYotes,False,True,True
24,17844833918918933,"when life gives you snow, make snow dicks #VivaLaYotes",False,True,True
25,17979922921900527,Say a quick prayer for this persons health in 20 years #VivaLaYotes,False,True,True
1,18161322310276287,The LinkedIn line had to work #VivaLaYotes,False,True,True
2,17976372211954946,the GTA server was active this weekend #VivaLaYotes,False,True,True
3,18001671589579897,ALWAYS take your shirt off at char #VivaLaYotes,False,True,True
4,18021149353484184,PSA: Downtown is icy #VivaLaYotes,False,True,True
5,17995154986639120,what could go wrong??ğŸ˜… #VivaLaYotes,True,False,True
6,18008622781535569,Snow days in verm > #VivaLaYotes,False,True,True
7,17950212857290030,Shout out @24kgoldn for the sick ass show #VivaLaYotes,False,True,True
8,18338062618036727,sam is the boy who cried Rizz #VivaLaYotes #TinderTuesday,False,True,True
9,17876047223807270,mamba mentality #VivaLaYotes,False,True,True
10,18335391664029081,mf got light whipped cream and extra whipped creamğŸ¤£ğŸ¤£ğŸ¤£#VivaLaYotes,False,True,True
11,17900479667721703,When you live in dorms you can piss wherever you want #VivaLaYotes,False,True,True
12,18021512953474053,Nah this is wild #VivaLaYotes,False,True,True
13,17968264226104059,POV you wake up after drown #VivaLaYotes,False,True,True
14,17973628075967576,The lethal fake sip #VivaLaYotes,False,True,True
15,17993977339648002,Feels good to be back #VivaLaYotes,False,True,True
16,17996214205625161,Syllabus week ğŸ˜ˆ #VivaLaYotes,True,False,True
17,17989168309690074,The boys always got your back #VivaLaYotes,False,True,True
18,18237736639157404,not againğŸ˜­ğŸ˜­ğŸ˜­ #VivaLaYotes,True,False,True
19,18265426612114687,"our top 5 posts of the semester, see u next semester ğŸ˜ˆ#VivaLaYotes",True,False,True
20,18309617407079213,take my money @hollarrbar @hollarrelite #VivaLaYotes,False,True,True
21,17954813813170470,Happy #TinderTuesday #VivaLaYotes,False,True,True
22,17964997598300748,How does the most sober driver in verm manage to get pulled overğŸ˜­ #VivaLaYotes,True,False,True
23,17958393617196835,quick reminder to stay safe out there yotes ğŸ™ŒğŸ» #VivaLaYotes,True,False,True
24,17984605681799959,legend has it heâ€™s still there #VivaLaYotes,False,True,True
25,17946961130303960,POV you walk into verm walmartâ€¦. #VivaLaYotes,False,True,True
1,17937988115579175,Pray for this man #VivaLaYotes,False,True,True
2,17976043120924705,Happy #TinderTuesday #VivaLaYotes,False,True,True
3,18041645797398660,sounds about right #VivaLaYotes,False,True,True
4,18012009793500627,Merry Christmas to everyone except @hobosbarstool #VivaLaYotes,False,True,True
5,17984233804780098,The rizz unmatchable #VivaLaYotes,False,True,True
6,17976175438920484,Hometown bars are just different #VivaLaYotes,False,True,True
7,17983663879759666,will never get used to it #VivaLaYotes,False,True,True
8,17988728809677025,itâ€™s the most wonderful time of the year #VivaLaYotes,False,True,True
9,17940108779371698,Happy #tindertuesday #VivaLaYotes,False,True,True
10,17969929837997627,praying for anyone still in verm right now #VivaLaYotes,False,True,True
11,17876625467746784,Verms most sober driver #VivaLaYotes,False,True,True
12,17997498121598661,January 17thğŸ˜ˆ #VivaLaYotes,True,False,True
13,17966600714030523,"she might not be red bull, but sheâ€™ll for sure give you wingsâ€¦ @usdchicks #VivaLaYotes",False,True,True
14,17954555852496484,how we feel after finals week #VivaLaYotes,False,True,True
15,18088704355308827,Happy finals week #VivaLaYotes,False,True,True
16,17922015185525999,till next semester ğŸ¤£ #TinderTuesday #VivaLaYotes,False,True,True
17,17996663542587706,Newest char special #VivaLaYotes,False,True,True
18,17939507480344050,friendly reminder to cancel your chegg subscriptions over break ğŸ«¡ #VivaLaYotes,False,True,True
19,18333195979029632,"Punching machine -1, her -0 #VivaLaYotes",False,True,True
20,17962325864130041,Verm was a GTA server last night #VivaLaYotes,False,True,True
21,17932921427575161,You canâ€™t make this shit up #VivaLaYotes,False,True,True
22,17957685317071869,good luck on your finals ğŸ«¡ #VivaLaYotes,False,True,True
23,18191906815232317,Happy last week of the semester #VivaLaYotes #tindertuesday,False,True,True
24,17950603340470010,@usdpolice please get this situation under control immediately #VivaLaYotes,False,True,True
25,17861135372809410,Sorry @byubarstool but @kruzph is your daddy #VivaLaYotes,False,True,True
