id,post_id,likes,comments,shares,caption,contains_emoji,does_not_contain_emoji,contains_hashtag,,accounts_reached,timestamp,media_type,time_of_day,followers_gained
1,18276775426216214,1324,6,118,Lane has life on easy mode üò≠ #VivaLaYotes,TRUE,FALSE,TRUE,,10988,2024-12-02T00:49:31+0000,IMAGE,night,1
2,18050446366968837,1437,0,117,"Happy Thanksgiving, Yotes üçÅüçΩ ü¶É #VivaLaYotes",TRUE,FALSE,TRUE,,16977,2024-11-28T16:21:57+0000,IMAGE,afternoon,1
3,18098071018470047,1574,3,64,I‚Äôm eating my thanksgiving dinner hungover tomorrow #VivaLaYotes,FALSE,TRUE,TRUE,,11615,2024-11-27T23:41:46+0000,CAROUSEL_ALBUM,night,0
4,18093455356496216,976,4,38,CONGRATULATIONS TO THE 2024 USD BACHELORETTE @sadie_strait üåπüíç Big thanks to everyone that participated!! Maybe there will be a new USD bachelor in the near future..ü§´ #VivaLaYotes,TRUE,FALSE,TRUE,,14060,2024-11-26T23:55:26+0000,CAROUSEL_ALBUM,night,2
5,18076066087597873,2188,11,180,I have so many questions ü§£ #VivaLaYotes,FALSE,TRUE,TRUE,,15525,2024-11-25T23:12:28+0000,CAROUSEL_ALBUM,night,4
6,18043121780150631,2382,17,219,Surprised verm didn‚Äôt burn down last night ü´†ü´† #SundayScaries #VivaLaYotes,FALSE,TRUE,TRUE,,21665,2024-11-24T23:36:26+0000,CAROUSEL_ALBUM,night,7
7,17967652967688354,1719,3,68,LETS FUCKING RAGE TN YOTES üî•üî•üî• #HornsDown #VivaLaYotes (via @tay.durst ),TRUE,FALSE,TRUE,,15739,2024-11-23T23:03:00+0000,CAROUSEL_ALBUM,night,3
8,18027505967593552,2337,3,190,NDSU IS SO WASHED ü§£ü§£ü§£ü§£ @barstoolndsu #VivaLaYotes,FALSE,TRUE,TRUE,,35723,2024-11-23T22:31:44+0000,CAROUSEL_ALBUM,night,8
9,17951789570855085,1131,13,8,@barstoolndsu You guys are dustü§°ü§°ü§°ü§° #VivaLaYotes,FALSE,TRUE,TRUE,,13346,2024-11-23T15:03:02+0000,IMAGE,afternoon,0
10,18046335419101250,638,0,13,üåπVOTING IS LIVE ON STORYüåπ #VivaLaYotes,TRUE,FALSE,TRUE,,15820,2024-11-21T02:44:41+0000,CAROUSEL_ALBUM,night,3
11,17944897718911684,1488,0,69,UND SUCKS ASS. YOTES ON TOP üòàüî• #WhosYourDaddy #VivaLaYotes,TRUE,FALSE,TRUE,,13734,2024-11-16T21:45:48+0000,CAROUSEL_ALBUM,night,2
12,18123410530401452,1383,4,389,Jake Paul beat up an elderly man #VivaLaYotes,FALSE,TRUE,TRUE,,17268,2024-11-16T07:14:38+0000,IMAGE,morning,1
13,17968785782802084,1279,2,50,No caption needed. UND is gonna get wiped tomorrow ü§°ü§°ü§° @stoolnorthdakota #VivaLaYotes,FALSE,TRUE,TRUE,,13202,2024-11-15T19:01:52+0000,CAROUSEL_ALBUM,night,1
14,18041072717271506,533,2,31,There‚Äôs absolutely no way ü§£ #VivaLaYotes (via @mike_larvie),FALSE,TRUE,TRUE,,0,2024-11-12T22:40:52+0000,VIDEO,night,0
15,18008927984653920,1820,3,41,Yotes win. üòà #VivaLaYotes,TRUE,FALSE,TRUE,,17549,2024-11-09T23:21:01+0000,CAROUSEL_ALBUM,night,4
16,18050641735803631,1372,1,23,Definition of ‚Äúwhatever it takes‚Äù üò≠ #VivaLaYotes,TRUE,FALSE,TRUE,,12774,2024-11-08T15:55:33+0000,CAROUSEL_ALBUM,afternoon,2
17,18462717898047193,1457,14,131,Party foul üò™ #VivaLaYotes,TRUE,FALSE,TRUE,,0,2024-11-08T01:22:50+0000,VIDEO,night,0
18,18280965127173329,1588,3,27,"With your help, Charlie the Coyote has been elected the 47th President of the United States!! #VivaLaYotes",FALSE,TRUE,TRUE,,13332,2024-11-06T15:22:13+0000,IMAGE,afternoon,1
19,17859841263224240,2458,9,146,Halloweekend dump ü´† #VivaLaYotes,FALSE,TRUE,TRUE,,18454,2024-11-03T23:00:07+0000,CAROUSEL_ALBUM,night,1
20,18359300683141642,1880,0,24,Halloweekend is not real. #VivaLaYotes,FALSE,TRUE,TRUE,,13753,2024-11-02T15:56:23+0000,CAROUSEL_ALBUM,afternoon,1
21,17850470724288192,2473,1,61,Wtf was last night üò¶ #VivaLaYotes,TRUE,FALSE,TRUE,,16278,2024-11-01T16:38:18+0000,CAROUSEL_ALBUM,afternoon,1
22,18021856805575156,888,1,23,Can‚Äôt wait for Halloweekend üòàüòàüòà #VivaLaYotes,TRUE,FALSE,TRUE,,0,2024-10-31T15:29:50+0000,VIDEO,afternoon,0
23,18052520197928870,1447,7,31,The grind is real ü´° #VivaLaYotes,FALSE,TRUE,TRUE,,0,2024-10-29T15:18:59+0000,VIDEO,afternoon,0
24,18043965680485689,2260,9,88,Logging out for the night. Fuck state till I die. #VivaLaYotes #FuckState #TheyAreInbreds,FALSE,TRUE,TRUE,,23362,2024-10-27T03:30:38+0000,CAROUSEL_ALBUM,night,8
25,17922437984978823,1509,26,21,Win or lose you still go to stateüò≠üíÄ,TRUE,FALSE,FALSE,,15564,2024-10-27T03:24:48+0000,IMAGE,night,3
1,17903419932059033,1454,2,49,‚ÄúI‚Äôm not gonna get that drunk‚Äù üòü #VivaLaYotes,TRUE,FALSE,TRUE,,14018,2024-10-26T17:33:42+0000,CAROUSEL_ALBUM,night,1
2,18034036715069630,1062,3,96,Fog wasn‚Äôt fogging that night üòèüòèüòè #VivaLaYotes,TRUE,FALSE,TRUE,,0,2024-10-25T17:27:17+0000,VIDEO,night,0
3,17957323145828289,1695,9,51,Wtf is going on ü´†  #VivaLaYotes,FALSE,TRUE,TRUE,,14265,2024-10-24T21:07:39+0000,CAROUSEL_ALBUM,night,2
4,18050899669764640,1672,0,110,2 more days until state gets smacked üòà #HateStateWeek #VivaLaYotes,TRUE,FALSE,TRUE,,19123,2024-10-24T14:30:50+0000,CAROUSEL_ALBUM,afternoon,1
5,17922705323878829,1386,2,29,That‚Äôs rough üò¨ #VivaLaYotes,TRUE,FALSE,TRUE,,12259,2024-10-24T01:03:46+0000,CAROUSEL_ALBUM,night,0
6,17885121576131228,1636,1,30,Bros roommate‚Äôs getting play ü´° #VivaLaYotes,FALSE,TRUE,TRUE,,12556,2024-10-23T15:35:10+0000,IMAGE,afternoon,0
7,18066870328643234,1651,0,115,WHAT THE FUCK IS A JACKRABBIT‚ÅâÔ∏è‚ÅâÔ∏è #HateStateWeek #VivaLaYotes,TRUE,FALSE,TRUE,,14171,2024-10-22T21:06:29+0000,CAROUSEL_ALBUM,night,1
8,17994379028543700,1325,3,120,Real asf. #tindertuesday #VivaLaYotes,FALSE,TRUE,TRUE,,14802,2024-10-22T17:47:26+0000,CAROUSEL_ALBUM,night,0
9,17967952778798300,2370,18,83,"Been a hell of a ride ü´°
Love you all‚ù§Ô∏è

@nba__jenny 
#VivaLaYotes",TRUE,FALSE,TRUE,,23626,2024-10-21T16:32:42+0000,CAROUSEL_ALBUM,afternoon,6
10,17881815978076082,2066,10,188,Hope you‚Äôre ready for back to back losses lil broü§° @hobosbarstool #HateStateWeek #VivaLaYotes,FALSE,TRUE,TRUE,,20411,2024-10-20T17:05:32+0000,CAROUSEL_ALBUM,night,2
11,17980028459766000,1219,3,34,‚ÄúBro I promise you won‚Äôt be a third wheel‚Äùü´† #SundayScaries #VivaLaYotes,FALSE,TRUE,TRUE,,0,2024-10-20T15:32:09+0000,VIDEO,afternoon,0
12,18028672826373820,1263,6,65,Damn save some play for the rest of usüòî #VivaLaYotes,TRUE,FALSE,TRUE,,0,2024-10-20T00:30:00+0000,VIDEO,night,0
13,18029618597111994,759,1,15,"For the top 6 round we present ‚ÄúThe Day in the Life of a Bachelorette‚Äùüåπ (PART 2)

Voting will take place in the poll in the comments - GO VOTE ‚ù§Ô∏è

#VivaLaYotes",TRUE,FALSE,TRUE,,13166,2024-10-18T17:46:53+0000,CAROUSEL_ALBUM,night,0
14,18028865291121087,1193,0,77,"For the top 6 round we present ‚ÄúThe Day in the Life of a Bachelorette‚Äùüåπ (PART 1)

Voting will take place in the poll in the comments - GO VOTE ‚ù§Ô∏è

The rest of the contestants will be posted at noon üåπüíç 

#VivaLaYotes",TRUE,FALSE,TRUE,,20308,2024-10-18T16:39:07+0000,CAROUSEL_ALBUM,afternoon,3
15,17860777743205382,413,0,4,Final 6 bracket is setüåπ next round starts at 10am üòà #VivaLaYotes,TRUE,FALSE,TRUE,,9421,2024-10-18T14:19:36+0000,CAROUSEL_ALBUM,afternoon,0
16,17875874094181601,1180,6,21,Chat is this real #VivaLaYotes,FALSE,TRUE,TRUE,,0,2024-10-16T00:24:47+0000,VIDEO,night,0
17,17932926989928741,2271,4,327,This weekend was a fever dream üò≠ #VivaLaYotes,TRUE,FALSE,TRUE,,16690,2024-10-14T20:12:00+0000,CAROUSEL_ALBUM,night,7
18,18043679735081236,2108,11,153,"D-Days: 1
USD: 0 

#SundayScaries
#VivaLaYotes",FALSE,TRUE,TRUE,,18141,2024-10-13T22:27:38+0000,CAROUSEL_ALBUM,night,2
19,17892110469093984,1472,1,101,"Happy D-Days, Yotes ‚ù§Ô∏è üçª #VivaLaYotes",TRUE,FALSE,TRUE,,15415,2024-10-12T21:18:06+0000,CAROUSEL_ALBUM,night,2
20,18285861613237187,2298,8,181,Ddays dump pt. 2  #VivaLaYotes,FALSE,TRUE,TRUE,,20120,2024-10-11T21:41:54+0000,CAROUSEL_ALBUM,night,6
21,17972195132786299,2571,4,205,Ddays dump #VivaLaYotes,FALSE,TRUE,TRUE,,20038,2024-10-11T00:58:04+0000,CAROUSEL_ALBUM,night,5
22,18040062562929933,1228,0,92,@officalpatrickmasur gone but not forgotten üòû #DdaysWeek #VivaLaYotes,TRUE,FALSE,TRUE,,15050,2024-10-09T22:42:30+0000,CAROUSEL_ALBUM,night,0
23,17845016283323903,923,2,19,Bro looks so peaceful #VivaLaYotes,FALSE,TRUE,TRUE,,0,2024-10-08T14:30:00+0000,VIDEO,afternoon,0
24,18466052014036899,442,5,18,Voting is live on the story üíçüåπ #VivaLaYotes,TRUE,FALSE,TRUE,,17724,2024-10-08T00:00:00+0000,CAROUSEL_ALBUM,night,2
25,18133686559363617,464,0,7,Voting is live on the story üíçüåπ #VivaLaYotes,TRUE,FALSE,TRUE,,11512,2024-10-08T00:00:00+0000,CAROUSEL_ALBUM,night,1
1,18103409407443355,320,0,3,Top 12 bracket is set. Voting will begin at 7pm on the storyüåπ #VivaLaYotes,TRUE,FALSE,TRUE,,8513,2024-10-07T22:41:42+0000,CAROUSEL_ALBUM,night,0
2,17967575114668454,1503,0,57,Happy D-Days week üòà #SundayScaries #VivaLaYotes,TRUE,FALSE,TRUE,,0,2024-10-07T01:20:15+0000,VIDEO,night,0
3,18031985000196503,1613,2,19,What a blowout #VivaLaYotes,FALSE,TRUE,TRUE,,13443,2024-10-05T22:57:05+0000,CAROUSEL_ALBUM,night,0
4,17903434865961149,1321,4,26,Bro saw God #VivaLaYotes,FALSE,TRUE,TRUE,,0,2024-10-05T21:30:39+0000,VIDEO,night,0
5,18254649745266007,1004,0,44,BEST DAY OF THE YEAR üî•üî• #VivaLaYotes,TRUE,FALSE,TRUE,,10276,2024-10-05T00:13:21+0000,CAROUSEL_ALBUM,night,1
6,18058011283775719,2616,3,53,Let the kids play ü´° #VivaLaYotes,FALSE,TRUE,TRUE,,16749,2024-10-04T22:45:46+0000,CAROUSEL_ALBUM,night,0
7,17905651692041748,1163,4,63,‚ÄúDamn bro last night was a movie‚Äù #VivaLaYotes,FALSE,TRUE,TRUE,,0,2024-10-04T20:39:21+0000,VIDEO,night,0
8,18042446465089890,318,1,29,VOTING IS LIVE ON THE STORY üåπüíç #VivaLaYotes,TRUE,FALSE,TRUE,,15080,2024-10-04T00:24:41+0000,CAROUSEL_ALBUM,night,2
9,17931064712938836,256,0,53,VOTING IS LIVE ON THE STORY üåπüíç #VivaLaYotes,TRUE,FALSE,TRUE,,10080,2024-10-04T00:24:18+0000,CAROUSEL_ALBUM,night,2
10,18022947032452926,462,2,25,VOTING IS LIVE ON THE STORY üåπüíç #VivaLaYotes,TRUE,FALSE,TRUE,,9956,2024-10-04T00:23:54+0000,CAROUSEL_ALBUM,night,1
11,18026685827136495,440,0,3,Second round bracket is out. Voting starts at 8pmüåπüòà #VivaLaYotes,TRUE,FALSE,TRUE,,7957,2024-10-03T23:04:09+0000,CAROUSEL_ALBUM,night,0
12,18076555711551536,1138,5,35,When we thinking ü§î Vote below ‚¨áÔ∏è #VivaLaYotes,TRUE,FALSE,TRUE,,14537,2024-10-03T01:45:35+0000,IMAGE,night,2
13,17852378043292283,443,2,52,VOTING IS LIVE ON THE STORYüåπüíç #VivaLaYotes,TRUE,FALSE,TRUE,,15492,2024-10-02T01:46:26+0000,CAROUSEL_ALBUM,night,6
14,18093403339482350,838,2,86,VOTING IS LIVE ON THE STORYüåπüíç #VivaLaYotes,TRUE,FALSE,TRUE,,26430,2024-10-02T01:45:00+0000,CAROUSEL_ALBUM,night,4
15,18033988139010746,503,0,65,VOTING IS LIVE ON THE STORYüåπüíç #VivaLaYotes,TRUE,FALSE,TRUE,,15402,2024-10-02T01:45:00+0000,CAROUSEL_ALBUM,night,9
16,17925947951848832,360,0,66,VOTING IS LIVE ON THE STORYüåπüíç #VivaLaYotes,TRUE,FALSE,TRUE,,18882,2024-10-02T01:45:00+0000,CAROUSEL_ALBUM,night,5
17,17864955705164899,389,1,30,VOTING IS LIVE ON THE STORY üåπüíç#VivaLaYotes,TRUE,FALSE,TRUE,,12597,2024-10-02T01:45:00+0000,CAROUSEL_ALBUM,night,3
18,18042036413103122,927,0,43,Real #VivaLaYotes,FALSE,TRUE,TRUE,,11240,2024-10-01T20:34:12+0000,IMAGE,night,2
19,17867620518146084,1177,39,151,Bracket is set. Voting starts at noon on the storyüåπüòà #VivaLaYotes,TRUE,FALSE,TRUE,,20533,2024-10-01T14:46:48+0000,CAROUSEL_ALBUM,afternoon,25
20,18061198117665841,2485,20,183,@miles_krajewski x @joebiden ü§ù #VivaLaYotes,FALSE,TRUE,TRUE,,24597,2024-09-30T17:42:45+0000,CAROUSEL_ALBUM,night,9
21,18049742437926495,993,53,138,"USD WOMAN:
Are you looking for a chance to find the man of your dreams (hopefully)? This year we‚Äôll find out who will be chosen as the first ever bachelorette of USD üåπ

DM ME TO NOMINATE EITHER YOURSELF OR A FRIEND! APPLICATIONS WILL CLOSE TOMORROW NIGHT!
Tag a friend in the comments who should apply!
#VivaLaYotes",TRUE,FALSE,TRUE,,16013,2024-09-30T15:01:14+0000,CAROUSEL_ALBUM,afternoon,1
22,18109099036421636,1363,2,188,Snap story gonna go crazy üî•ü´† #VivaLaYotes,TRUE,FALSE,TRUE,,0,2024-09-30T01:03:16+0000,VIDEO,night,0
23,18139825840355969,830,0,10,@harvard get this guy a scholarship immediately #VivaLaYotes,FALSE,TRUE,TRUE,,0,2024-09-29T17:57:27+0000,VIDEO,night,0
24,18021405680231834,1289,8,96,At least he pays his taxes #VivaLaYotes #SundayScaries,FALSE,TRUE,TRUE,,0,2024-09-29T16:58:28+0000,VIDEO,afternoon,0
25,18331260751145512,1728,1,32,Yotes win. #VivaLaYotes,FALSE,TRUE,TRUE,,13654,2024-09-28T23:49:37+0000,CAROUSEL_ALBUM,night,0
1,17891699412087464,1639,12,17,What a stud #VivaLaYotes,FALSE,TRUE,TRUE,,12669,2024-09-28T23:26:35+0000,CAROUSEL_ALBUM,night,0
2,17961223904808090,615,0,41,We‚Äôre so fucking back #VivaLaYotes,FALSE,TRUE,TRUE,,7400,2024-09-28T20:45:32+0000,IMAGE,night,0
3,18147804565328224,1610,18,81,Parents weekend is in full swing #VivaLaYotes,FALSE,TRUE,TRUE,,0,2024-09-28T19:53:25+0000,VIDEO,night,0
4,18048951283927886,494,1,25,HOLLAR 2 IS FINALLY HERE ‚ÄºÔ∏è @docs_bar_verm #VivaLaYotes,TRUE,FALSE,TRUE,,6769,2024-09-28T00:19:30+0000,IMAGE,night,0
5,18144771676337569,1621,1,24,WE FOUND HIM #VivaLaYotes,FALSE,TRUE,TRUE,,11839,2024-09-27T23:43:55+0000,IMAGE,night,3
6,18053169730861907,1391,0,57,HAPPY PARENT‚ÄôS WEEKENDüòà #VivaLaYotes,TRUE,FALSE,TRUE,,11445,2024-09-27T19:25:07+0000,CAROUSEL_ALBUM,night,1
7,18020313047447321,1031,0,18,If you find him keep him downtown #VivaLaYotes,FALSE,TRUE,TRUE,,13331,2024-09-27T18:56:34+0000,IMAGE,night,0
8,17934017429801456,1761,0,40,It never ends #VivaLaYotes,FALSE,TRUE,TRUE,,0,2024-09-26T16:47:18+0000,VIDEO,afternoon,0
9,18198095023292316,1725,5,160,What the fuck üò≠üò≠ #VivaLaYotes,TRUE,FALSE,TRUE,,0,2024-09-25T15:21:57+0000,VIDEO,afternoon,0
10,18054895822818259,1858,4,27,New method unlocked üëÄ #VivaLaYotes,TRUE,FALSE,TRUE,,14381,2024-09-24T01:13:47+0000,CAROUSEL_ALBUM,night,1
11,18141254368349326,1152,3,42,Verm is not real #VivaLaYotes,FALSE,TRUE,TRUE,,0,2024-09-22T20:33:18+0000,VIDEO,night,0
12,18034268857996797,2010,2,83,Great day to be a yote üòà #VivaLaYotes,TRUE,FALSE,TRUE,,17126,2024-09-21T21:37:25+0000,CAROUSEL_ALBUM,night,0
13,18311979736094224,890,2,18,Someone save him üòî #VivaLaYotes,TRUE,FALSE,TRUE,,0,2024-09-21T21:07:10+0000,VIDEO,night,0
14,18038943272120820,1498,4,35,Yotes win. Let‚Äôs rage üòà #VivaLaYotes,TRUE,FALSE,TRUE,,13802,2024-09-21T20:34:33+0000,CAROUSEL_ALBUM,night,1
15,18058441549689431,1586,37,9,This should be interesting ü´£,FALSE,TRUE,FALSE,,27510,2024-09-21T15:00:17+0000,IMAGE,afternoon,8
16,18030736307201609,1599,2,72,lost count with how many fires we‚Äôve had this year #VivaLaYotes,FALSE,TRUE,TRUE,,13578,2024-09-20T22:58:07+0000,CAROUSEL_ALBUM,night,1
17,18074641987499281,1883,0,44,Bro has bigger priorities than stopping the fire ü´†#VivaLaYotes,FALSE,TRUE,TRUE,,0,2024-09-20T19:24:59+0000,VIDEO,night,0
18,18018361211613603,1420,9,78,USD Bachelor back at it again üî•üî• #VivaLaYotes,TRUE,FALSE,TRUE,,15490,2024-09-19T19:32:32+0000,IMAGE,night,0
19,18139041793347863,1396,3,36,Hope bro got an Aüî• #VivaLaYotes,TRUE,FALSE,TRUE,,12504,2024-09-18T23:03:33+0000,IMAGE,night,0
20,18068047951544998,845,1,8,I‚Äôd take a bullet for whoever invented Chegg @fizzsouthdakota #VivaLaYotes,FALSE,TRUE,TRUE,,10060,2024-09-18T19:36:39+0000,CAROUSEL_ALBUM,night,0
21,17988654524557731,1055,3,35,Happy Tinder Tuesday ‚ù§Ô∏è #VivaLaYotes,TRUE,FALSE,TRUE,,12511,2024-09-17T19:06:06+0000,CAROUSEL_ALBUM,night,0
22,18043778275978757,1712,11,158,Chat was this real or what (he‚Äôs okay) #VivaLaYotes #SundayScaries,FALSE,TRUE,TRUE,,0,2024-09-15T18:52:14+0000,VIDEO,night,0
23,18106998949420911,879,5,35,Freshmen üòî #VivaLaYotes,TRUE,FALSE,TRUE,,0,2024-09-15T02:45:11+0000,VIDEO,night,0
24,17967574943790676,2144,12,32,Friday night dump #VivaLaYotes,FALSE,TRUE,TRUE,,14935,2024-09-14T22:40:14+0000,CAROUSEL_ALBUM,night,2
25,17881531854104218,1913,5,70,Well this fucking blows #VivaLaYotes,FALSE,TRUE,TRUE,,28573,2024-09-14T18:32:26+0000,CAROUSEL_ALBUM,night,2
1,17991615404695541,1162,0,51,Surely no bad decisions will be made this weekend #VivaLaYotes,FALSE,TRUE,TRUE,,11652,2024-09-13T23:41:09+0000,CAROUSEL_ALBUM,night,0
2,18370068076104460,1084,40,237,I have no words @hobosbarstool #VivaLaYotes,FALSE,TRUE,TRUE,,0,2024-09-12T17:41:44+0000,VIDEO,night,0
3,18251472274264242,1021,2,22,‚ÄúSo we won‚Äôt be bothering anyone‚Äù üíÄ #VivaLaYotes,TRUE,FALSE,TRUE,,13342,2024-09-12T02:41:52+0000,IMAGE,night,0
4,18015948182554317,1798,9,143,Damn that food looks fire üî•(they were okay) #VivaLaYotes,TRUE,FALSE,TRUE,,0,2024-09-11T17:12:43+0000,VIDEO,night,0
5,18323349961150949,1688,8,63,Bro is the main character #VivaLaYotes,FALSE,TRUE,TRUE,,0,2024-09-11T00:02:24+0000,VIDEO,night,0
6,18066200407611304,2152,2,165,"‚ÄúAmazing, engaging, attentive, loving, and helpful‚Äù üò≠#VivaLaYotes",TRUE,FALSE,TRUE,,14537,2024-09-10T18:58:23+0000,IMAGE,night,3
7,18068319625581498,404,2,4,GO VOTE ON THE STORY ‚ÄºÔ∏è‚ÄºÔ∏èüòàüòàüòà #VivaLaYotes,TRUE,FALSE,TRUE,,9318,2024-09-09T01:04:52+0000,IMAGE,night,0
8,18137868298354769,1771,9,235,Weekend recap #VivaLaYotes #SundayScaries,FALSE,TRUE,TRUE,,14539,2024-09-09T00:00:17+0000,CAROUSEL_ALBUM,night,6
9,17940346931884903,1374,7,44,It‚Äôs always Mick ü•≤ #VivaLaYotes,FALSE,TRUE,TRUE,,13117,2024-09-08T20:02:42+0000,CAROUSEL_ALBUM,night,7
10,18039350987102899,1850,10,77,10/10 landing #VivaLaYotes #SundayScaries,FALSE,TRUE,TRUE,,0,2024-09-08T17:11:44+0000,VIDEO,night,0
11,17896384523984271,2067,3,30,For fuck‚Äôs sake. #VivaLaYotes,FALSE,TRUE,TRUE,,14483,2024-09-07T22:52:44+0000,CAROUSEL_ALBUM,night,2
12,18045558175801868,2027,9,146,Hope bro found a ride fr #VivaLaYotes,FALSE,TRUE,TRUE,,15820,2024-09-06T17:48:44+0000,IMAGE,night,2
13,18015476399577852,2100,16,161,Couldn‚Äôt ask for a better college town #VivaLaYotes,FALSE,TRUE,TRUE,,15774,2024-09-05T20:39:45+0000,CAROUSEL_ALBUM,night,2
14,18007374980389949,1836,2,126,Yeah we‚Äôre definitely back #VivaLaYotes,FALSE,TRUE,TRUE,,14111,2024-09-04T23:37:43+0000,CAROUSEL_ALBUM,night,6
15,17993714486690494,2653,16,379,Didn‚Äôt know the pizza was that good #VivaLaYotes,FALSE,TRUE,TRUE,,17764,2024-09-04T15:34:21+0000,IMAGE,afternoon,14
16,17863201707211082,984,1,56,Walkie-talkie rizz never fails #TinderTuesday  #VivaLaYotes,FALSE,TRUE,TRUE,,11518,2024-09-03T22:55:20+0000,CAROUSEL_ALBUM,night,0
17,18064018918627045,890,9,70,Living proof that brains aren‚Äôt required for confidence #VivaLaYotes,FALSE,TRUE,TRUE,,0,2024-09-03T20:30:40+0000,VIDEO,night,0
18,18038306990028204,1639,25,139,Bro just accepted it üò≠ü´†#VivaLaYotes,TRUE,FALSE,TRUE,,16384,2024-09-03T18:28:51+0000,CAROUSEL_ALBUM,night,4
19,18030092390040742,1101,0,2,At 2:23am is crazyüò≠ #VivaLaYotes,TRUE,FALSE,TRUE,,13861,2024-09-02T22:11:48+0000,IMAGE,night,0
20,18200110903293364,1651,2,33,Running start of the century #VivaLaYotes,FALSE,TRUE,TRUE,,14795,2024-09-02T20:13:14+0000,CAROUSEL_ALBUM,night,6
21,18023284286145115,1279,5,83,Damn that looked personal üò≥ #VivaLaYotes,TRUE,FALSE,TRUE,,0,2024-09-02T17:24:49+0000,VIDEO,night,0
22,18349351987143250,503,4,4,"Round 2 is live on the story, GO VOTE üòà #VivaLaYotes",TRUE,FALSE,TRUE,,10145,2024-09-02T02:39:20+0000,IMAGE,night,0
23,18039859874054505,1319,11,33,What the fuck is going on at Walmart #VivaLaYotes,FALSE,TRUE,TRUE,,0,2024-09-01T22:52:49+0000,VIDEO,night,0
24,18074919598532125,2371,11,141,Verm was a GTA server last night #VivaLaYotes,FALSE,TRUE,TRUE,,21427,2024-09-01T21:06:14+0000,CAROUSEL_ALBUM,night,19
25,18100781707431525,989,4,214,@hobosbarstool WHAT HAPPENNEDDDDDD‚ÅâÔ∏è‚ÅâÔ∏èüò¢ #VivaLaYotes,TRUE,FALSE,TRUE,,0,2024-08-31T23:15:09+0000,VIDEO,night,0
1,18029832107049350,2028,25,162,@hobosbarstool get fucking rinsed pipsqueakü§°üò¢#VivaLaYotes,TRUE,FALSE,TRUE,,27183,2024-08-31T22:21:30+0000,CAROUSEL_ALBUM,night,6
2,18032169395007664,2573,9,107,LET THE KIDS PLAY üçªüó£Ô∏è #VivaLaYotes @leos_sportsbar,TRUE,FALSE,TRUE,,0,2024-08-31T18:34:57+0000,VIDEO,night,0
3,18015849008529567,960,1,26,Fizz dump @fizzsouthdakota #VivaLaYotes,FALSE,TRUE,TRUE,,9403,2024-08-31T00:44:22+0000,CAROUSEL_ALBUM,night,0
4,18024233774519061,1401,5,83,First week in the books üçªüòà#VivaLaYotes,TRUE,FALSE,TRUE,,0,2024-08-30T20:48:18+0000,VIDEO,night,0
5,18031581299191048,1430,0,66,See you September 7th @badgerbarstool üòà #VivaLaYotes,TRUE,FALSE,TRUE,,16191,2024-08-30T02:57:36+0000,IMAGE,night,10
6,18430124485064160,1793,6,52,@northernstateu ready to get daddied? ü§°üòà#VivaLaYotes,TRUE,FALSE,TRUE,,15968,2024-08-29T20:58:48+0000,CAROUSEL_ALBUM,night,3
7,18015090167574667,1370,0,8,One more day of silly week ü•≤ #VivaLaYotes,FALSE,TRUE,TRUE,,13821,2024-08-29T19:39:34+0000,CAROUSEL_ALBUM,night,0
8,18068804845526296,1432,3,4,TAILGATE SEASON IS FUCKING BACK üî•üî•üî• #VivaLaYotes,TRUE,FALSE,TRUE,,12185,2024-08-29T14:48:52+0000,CAROUSEL_ALBUM,afternoon,4
9,18080968216514165,846,2,23,They definitely push the button #VivaLaYotes,FALSE,TRUE,TRUE,,0,2024-08-29T01:08:18+0000,VIDEO,night,0
10,18283399069225956,1660,0,3,Silly week dump #VivaLaYotes,FALSE,TRUE,TRUE,,11040,2024-08-28T22:29:31+0000,CAROUSEL_ALBUM,night,0
11,18090222133466456,1375,0,7,A classic syllabus week tradition #VivaLaYotes,FALSE,TRUE,TRUE,,10419,2024-08-28T19:12:31+0000,CAROUSEL_ALBUM,night,0
12,17847421725264949,1358,3,10,The student section of the year lives in Vermillion Let‚Äôs show @Cheezit we‚Äôre Feelin' The Cheeziest this season,FALSE,TRUE,FALSE,,0,2024-08-28T03:44:46+0000,VIDEO,night,0
13,18060291313714200,933,0,4,King Arthur rizz ‚ÄºÔ∏è‚ÄºÔ∏è#VivaLaYotes #TinderTuesday,TRUE,FALSE,TRUE,,11198,2024-08-27T21:09:43+0000,CAROUSEL_ALBUM,night,1
14,18354927772112051,1859,8,1,Attention freshman: Here are some do‚Äôs and Dont‚Äôs to get out of college alive #VivaLaYotes,FALSE,TRUE,TRUE,,17302,2024-08-27T18:39:02+0000,CAROUSEL_ALBUM,night,4
15,18040491239300125,915,1,0,It‚Äôs only downhill from here üìâ #VivaLaYotes,TRUE,FALSE,TRUE,,9283,2024-08-27T15:22:25+0000,IMAGE,afternoon,0
16,18063409603716563,468,2,0,VOTING IS LIVE ON THE STORY ‚ÄºÔ∏è‚ÄºÔ∏è‚ÄºÔ∏è #VivaLaYotes,TRUE,FALSE,TRUE,,8879,2024-08-27T00:39:59+0000,IMAGE,night,3
17,17949065939729145,1376,11,2,That top shelf comment was too muchüò≠ #VivaLaYotes,TRUE,FALSE,TRUE,,12863,2024-08-26T19:33:33+0000,CAROUSEL_ALBUM,night,0
18,18072090502499145,757,1,0,"Good luck this semester, Yotes ‚ù§Ô∏è #VivaLaYotes",TRUE,FALSE,TRUE,,6556,2024-08-26T12:48:58+0000,IMAGE,afternoon,1
19,18053312368825134,1511,2,1,Damn I didn‚Äôt know it was hot out thank you @usouthdakota üôèüèª‚ù§Ô∏è #VivaLaYotes,TRUE,FALSE,TRUE,,13418,2024-08-25T23:37:32+0000,CAROUSEL_ALBUM,night,2
20,17947455485736205,1188,0,0,Time to lock in üòà#VivaLaYotes,TRUE,FALSE,TRUE,,12618,2024-08-25T20:52:24+0000,CAROUSEL_ALBUM,night,11
21,18053245648753573,1306,0,3,What a time to be aliveüòà #VivaLaYotes,TRUE,FALSE,TRUE,,14155,2024-08-25T17:40:28+0000,CAROUSEL_ALBUM,night,1
22,18075106333552576,1586,0,107,The NPCs are back ‚ÄºÔ∏è‚ÄºÔ∏è #VivaLaYotes,TRUE,FALSE,TRUE,,0,2024-08-24T19:58:49+0000,VIDEO,night,0
23,18023741321362973,2034,0,0,Bro is not paying that laundry feeüò≠ #VivaLaYotes,TRUE,FALSE,TRUE,,14023,2024-08-24T16:33:36+0000,CAROUSEL_ALBUM,afternoon,1
24,17975923904758604,941,2,0,WE‚ÄôRE SO FUCKING BACKüòà #VivaLaYotes,TRUE,FALSE,TRUE,,10184,2024-08-23T21:11:01+0000,IMAGE,night,1
25,18030208862021471,1074,15,0,"üñ§üñ§
#VivaLaYotes",TRUE,FALSE,TRUE,,13164,2024-08-23T17:22:27+0000,IMAGE,night,1
1,18320719594198826,1691,17,1,Someone give this kid a bid immediately #VivaLaYotes,FALSE,TRUE,TRUE,,14632,2024-08-23T15:13:56+0000,CAROUSEL_ALBUM,afternoon,1
2,18450272431023871,1963,17,78,Reminder to all the @hobosbarstool freshmen that you chose the wrong college ü§°ü§° #VivaLaYotes,FALSE,TRUE,TRUE,,19359,2024-08-22T18:51:34+0000,CAROUSEL_ALBUM,night,6
3,17928003893924011,2289,8,136,Crazy the freshman will never get to experience Hollar üòî #VivaLaYotes,TRUE,FALSE,TRUE,,18583,2024-08-21T15:48:55+0000,CAROUSEL_ALBUM,afternoon,4
4,17905501736932884,383,1,23,HAPPY TINDER TUESDAY #VivaLaYotes,FALSE,TRUE,TRUE,,5396,2024-08-20T18:35:51+0000,CAROUSEL_ALBUM,night,0
5,18044586667769477,1627,7,80,"Are you answering? üòè
1 WEEK UNTIL WE‚ÄôRE BACK 
#VivaLaYotes",TRUE,FALSE,TRUE,,16487,2024-08-19T00:08:15+0000,CAROUSEL_ALBUM,night,5
6,18016972460219673,449,0,17,Nothing surprises me in this town anymore #VivaLaYotes,FALSE,TRUE,TRUE,,0,2024-08-17T19:15:08+0000,VIDEO,night,0
7,18045354709921979,1671,14,158,"I have no words to describe this..
#VivaLaYotes",FALSE,TRUE,TRUE,,12942,2024-08-14T21:03:16+0000,IMAGE,night,2
8,18027176714201376,935,0,48,Missing this view üò™ #VivaLaYotes,TRUE,FALSE,TRUE,,8019,2024-08-13T17:19:02+0000,IMAGE,night,0
9,18068464909515122,498,1,17,"Heading into the year ranked #5. Let‚Äôs roll. üòé
#VivaLaYotes",TRUE,FALSE,TRUE,,8437,2024-08-12T15:49:55+0000,IMAGE,afternoon,2
10,17937695561771452,1677,5,42,"WE ARE SO CLOSE TO BEING BACK ‚ÄºÔ∏è
@oldlumbercompany give me a free pizza and I‚Äôll turn in who broke the glass üòè
#VivaLaYotes",TRUE,FALSE,TRUE,,11994,2024-08-11T17:39:53+0000,CAROUSEL_ALBUM,night,1
11,18270935965246373,949,7,117,"This kid fucks. Phi Delt doesn‚Äôt know what they‚Äôre missing üíØ
#VivaLaYotes",TRUE,FALSE,TRUE,,10610,2024-08-09T20:34:59+0000,IMAGE,night,0
12,18003286235433979,537,5,87,üö® BREAKING NEWS üö® The University of South Dakota will not be participating in this holiday ‚ÄºÔ∏è #VivaLaYotes,TRUE,FALSE,TRUE,,8203,2024-08-09T02:38:45+0000,IMAGE,night,0
13,18010700051564409,779,2,63,TINDER TUESDAYS ARE BACK ‚ÄºÔ∏è #VivaLaYotes,TRUE,FALSE,TRUE,,8819,2024-08-06T17:47:26+0000,CAROUSEL_ALBUM,night,3
14,18044930461904983,535,0,7,"25 DAYS UNTIL WE‚ÄôRE BACK IN THE DOME üôèüèº
#VivaLaYotes",TRUE,FALSE,TRUE,,6388,2024-08-04T20:03:01+0000,IMAGE,night,2
15,18040405567821062,1101,4,4,"New profile picture ‚ÄºÔ∏è 
Shoutout @ashley_gus for the insane logo 
#VivaLaYotes",TRUE,FALSE,TRUE,,10152,2024-08-03T23:28:46+0000,IMAGE,night,2
16,17947889024726358,1454,5,20,"The weekend is off to a hot start üî•
#VivaLaYotes",TRUE,FALSE,TRUE,,9989,2024-08-03T18:25:11+0000,CAROUSEL_ALBUM,night,0
17,17955803432689916,795,4,24,"We‚Äôve all been there before.. 
#VivaLaYotes",FALSE,TRUE,TRUE,,7319,2024-08-03T01:04:46+0000,CAROUSEL_ALBUM,night,0
18,18053604910685572,713,2,197,"I look forward to this day more than Christmas 
#VivaLaYotes",FALSE,TRUE,TRUE,,7294,2024-08-02T17:25:04+0000,IMAGE,night,1
19,17881732575035479,979,0,44,"Lick our rim @hobosbarstool 
#VivaLaYotes",FALSE,TRUE,TRUE,,8011,2024-08-01T22:43:27+0000,CAROUSEL_ALBUM,night,0
20,18024728180350171,1605,1,105,"Flash flood in verm last night üò≥
#VivaLaYotes",TRUE,FALSE,TRUE,,11783,2024-07-30T20:36:43+0000,CAROUSEL_ALBUM,night,5
21,18065447284602918,1356,6,79,Poor guy üò≠üôèüèª#VivaLaYotes,TRUE,FALSE,TRUE,,11792,2024-07-30T14:52:55+0000,CAROUSEL_ALBUM,afternoon,1
22,18001534226447913,1292,11,139,"This might be the biggest Woj bomb ever ü§Øü§Ø
#VivaLaYotes",FALSE,TRUE,TRUE,,13184,2024-07-28T21:09:10+0000,IMAGE,night,1
23,17878037304079658,1227,1,67,"Treat yourself girl üíÖ‚ú®
#VivaLaYotes",TRUE,FALSE,TRUE,,9338,2024-07-27T18:41:34+0000,IMAGE,night,0
24,18069939319543010,972,1,3,"Happy tinder tuesday,
How the fuck are we supposed to post content now üòî
#VivaLaYotes",TRUE,FALSE,TRUE,,9726,2024-07-24T01:40:35+0000,IMAGE,night,0
25,18030617329952234,1200,4,41,"Sunday scaries are hitting today 
#VivaLaYotes",FALSE,TRUE,TRUE,,0,2024-07-21T17:47:36+0000,VIDEO,night,0
1,17860429017147130,2051,4,252,"Nothing more American than this üá∫üá∏
#VivaLaYotes",TRUE,FALSE,TRUE,,0,2024-07-17T21:10:17+0000,VIDEO,night,0
2,17949429086814147,1544,9,365,"Bonnie got dusted üíØ
#VivaLaYotes",TRUE,FALSE,TRUE,,0,2024-07-14T20:05:15+0000,VIDEO,night,0
3,18332347858126069,999,6,37,How does that even happen üò≠#VivaLaYotes,TRUE,FALSE,TRUE,,0,2024-07-13T22:31:50+0000,VIDEO,night,0
4,18029782565319658,493,6,4,"Help out these future yotes ‚¨áÔ∏è
#VivaLaYotes",TRUE,FALSE,TRUE,,11184,2024-07-13T20:54:30+0000,IMAGE,night,0
5,18021785975346749,829,2,31,"These Ubers are getting wild 
#VivaLaYotes",FALSE,TRUE,TRUE,,0,2024-07-12T16:49:55+0000,VIDEO,afternoon,0
6,18266807683244819,1106,7,83,"This town is not fucking real 
#VivaLaYotes",FALSE,TRUE,TRUE,,12106,2024-07-11T22:41:51+0000,IMAGE,night,0
7,18032685272476509,1802,1,173,"Summer verm is a movie 
#VivaLaYotes",FALSE,TRUE,TRUE,,13536,2024-07-11T15:49:02+0000,IMAGE,afternoon,4
8,18039263536790448,1544,2,68,"A shot not taken is a missed shot.
#VivaLaYotes",FALSE,TRUE,TRUE,,11355,2024-07-10T15:17:17+0000,IMAGE,afternoon,0
9,17980808885571598,1760,7,81,"Vermillion is the Chiraq of South Dakota
#VivaLaYotes",FALSE,TRUE,TRUE,,18609,2024-07-09T17:47:49+0000,IMAGE,night,2
10,18003678662355971,1439,7,50,Hinge rizz is differentüî•#VivaLaYotes,TRUE,FALSE,TRUE,,13345,2024-07-08T21:38:23+0000,CAROUSEL_ALBUM,night,0
11,18132247657352744,860,1,14,"Happy 4th of July üá∫üá∏ü¶Ö
#VivaLaYotes",TRUE,FALSE,TRUE,,8819,2024-07-04T16:20:43+0000,IMAGE,afternoon,4
12,18022090544262626,1361,25,131,"I was going to wait for football season to post this but holy fuck this is painful to watch 
#VivaLaYotes",FALSE,TRUE,TRUE,,0,2024-06-29T16:19:52+0000,VIDEO,afternoon,0
13,17872699875102666,4573,34,515,"Buddy was a genius
#VivaLaYotes",FALSE,TRUE,TRUE,,0,2024-06-24T21:48:53+0000,VIDEO,night,0
14,18035002093995345,1569,6,70,"We asked AI what the bars in verm look like

Slide right for a surprise at the end‚Ä¶
#VivaLaYotes",FALSE,TRUE,TRUE,,12294,2024-06-23T22:04:39+0000,CAROUSEL_ALBUM,night,2
15,17938853444746814,2131,11,187,"Stay safe out there üò≥
#VivaLaYotes",TRUE,FALSE,TRUE,,13973,2024-06-22T02:14:22+0000,IMAGE,night,4
16,18028007237147319,2207,21,493,"Wow 
#VivaLaYotes",FALSE,TRUE,TRUE,,0,2024-06-21T15:08:13+0000,VIDEO,afternoon,0
17,18230272360285708,4700,67,614,"South Dakota is looking like the ocean rn üò≥
#VivaLaYotes",TRUE,FALSE,TRUE,,0,2024-06-21T14:38:31+0000,VIDEO,afternoon,0
18,18032636810043421,1323,3,63,"Happy Father‚Äôs Day ü•∞
#VivaLaYotes",FALSE,TRUE,TRUE,,11987,2024-06-16T16:15:38+0000,IMAGE,afternoon,3
19,18038783587757128,721,9,1,"Someone help this guy out üó£Ô∏è‚¨áÔ∏è
#VivaLaYotes",TRUE,FALSE,TRUE,,11325,2024-06-15T22:57:43+0000,IMAGE,night,0
20,17870181039072499,883,0,47,"Horny season is all year round üòà
#VivaLaYotes",TRUE,FALSE,TRUE,,9785,2024-06-12T00:44:24+0000,CAROUSEL_ALBUM,night,0
21,17919187112923622,1265,7,190,"Nothing surprises me in vermillion anymore.
#VivaLaYotes",FALSE,TRUE,TRUE,,0,2024-06-10T21:24:40+0000,VIDEO,night,0
22,18188281915292923,782,3,43,"Chat is this crazy? 
#VivaLaYotes",FALSE,TRUE,TRUE,,10249,2024-06-09T17:54:51+0000,IMAGE,night,0
23,18097157707420974,1195,8,93,"I asked an AI Generator to make an image of the fraternities at the University of South Dakota

These were the results:
#VivaLaYotes",FALSE,TRUE,TRUE,,12745,2024-06-09T16:25:19+0000,CAROUSEL_ALBUM,afternoon,1
24,17999257238383720,1160,2,28,"This Logo would be revolutionary. FCS CHAMPIONSHIP INBOUND. 
#VivaLaHollarr",FALSE,TRUE,TRUE,,10480,2024-06-08T18:06:17+0000,CAROUSEL_ALBUM,night,0
25,17960074817779833,252,0,15,"üá∫üá∏ ü¶Ö Barstool Sports of July Merch is Here!!! ü¶Ö üá∫üá∏ 
Head to the Barstool Sports store for the best 4th fits on the internet
LINK IN BIO ‚ÄºÔ∏è
#VivaLaYotes",TRUE,FALSE,TRUE,,5312,2024-06-08T15:33:57+0000,CAROUSEL_ALBUM,afternoon,0
1,18080660428473726,440,4,71,"Holy. Fuck. We are speed running cancer.
#VivaLaYotes",FALSE,TRUE,TRUE,,0,2024-06-08T00:41:02+0000,VIDEO,night,0
2,18266902144234768,805,4,8,"Comment what professor this is ü´£‚¨áÔ∏è
#VivaLaYotes",TRUE,FALSE,TRUE,,9740,2024-06-06T23:23:25+0000,IMAGE,night,0
3,18013845317146515,912,42,10,Comment your thoughts ü§î‚¨áÔ∏è,TRUE,FALSE,FALSE,,12912,2024-06-01T00:50:18+0000,IMAGE,night,1
4,18002860487333046,700,3,48,"This is what my nightmares look like üò≥
#VivaLaYotes",TRUE,FALSE,TRUE,,0,2024-05-25T01:17:32+0000,VIDEO,night,0
5,18000835850553228,935,1,38,"Nothing better than summers in South Dakota ü§¢
#VivaLaYotes",FALSE,TRUE,TRUE,,0,2024-05-20T18:02:11+0000,VIDEO,night,0
6,18130142134339429,988,6,35,"The NCAA 25 cover we all wanted üòî
#VivaLaYotes",TRUE,FALSE,TRUE,,12837,2024-05-19T00:41:26+0000,IMAGE,night,4
7,17881958448059105,1057,2,20,INCOMING FRESHMAN: This a perfect example of something not to do ü§ù #VivaLaYotes,FALSE,TRUE,TRUE,,10474,2024-05-16T21:18:42+0000,IMAGE,night,1
8,18089174890439318,1603,28,618,"Let‚Äôs. Fucking. Go. üçÉüí®üí®
#VivaLaYotes",TRUE,FALSE,TRUE,,20607,2024-05-15T18:55:43+0000,IMAGE,night,4
9,18038829610849675,811,2,13,"Barn parties are lit asf üíØüôåüèº 
#VivaLaYotes",TRUE,FALSE,TRUE,,0,2024-05-14T21:01:09+0000,VIDEO,night,0
10,17963505479623187,1090,0,103,Happy Mother‚Äôs Day Yotes ‚ù§Ô∏è #VivaLaYotes,TRUE,FALSE,TRUE,,10906,2024-05-12T19:10:20+0000,IMAGE,night,0
11,17885048889043281,1224,0,9,Boy that would be awesomeüî•üî• #VivaLaYotes,TRUE,FALSE,TRUE,,11231,2024-05-11T23:34:30+0000,IMAGE,night,2
12,17986306493662107,1005,0,12,Someone check on bro üòî #VivaLaYotes,TRUE,FALSE,TRUE,,8783,2024-05-11T17:46:45+0000,CAROUSEL_ALBUM,night,0
13,18005332844587551,1164,27,17,"What does vermillion need?‚¨áÔ∏è‚¨áÔ∏è‚¨áÔ∏è‚¨áÔ∏è‚¨áÔ∏è
(Wrong answers only) 
#VivaLaYotes",TRUE,FALSE,TRUE,,13046,2024-05-08T15:26:27+0000,IMAGE,afternoon,0
14,18048355354633982,2124,7,47,Our top 5 submissions of the year‚ÄºÔ∏è Send us content over the weekend to post ü•≤‚ù§Ô∏è #VivaLaYotes,TRUE,FALSE,TRUE,,13452,2024-05-05T23:21:41+0000,CAROUSEL_ALBUM,night,1
15,17877481380011932,1047,9,20,We‚Äôre so close üôèüèª #VivaLaYotes,TRUE,FALSE,TRUE,,9513,2024-05-02T00:30:00+0000,CAROUSEL_ALBUM,night,0
16,18031950991982099,866,1,50,"Concerned for the dude with the bio
#VivaLaYotes #TinderTuesday",FALSE,TRUE,TRUE,,12623,2024-04-30T19:33:13+0000,CAROUSEL_ALBUM,night,0
17,18033862801916442,1918,17,93,I‚Äôm never drinking again #SundayScaries #VivaLaYotes,FALSE,TRUE,TRUE,,16346,2024-04-28T18:33:27+0000,CAROUSEL_ALBUM,night,6
18,17851899345180585,1185,2,58,If being down bad was a sport this guy would be an Olympic medalist #VivaLaYotes,FALSE,TRUE,TRUE,,13642,2024-04-26T20:37:57+0000,IMAGE,night,0
19,17897027438994728,1442,4,68,"As our seniors time runs down, we just wanna say we‚Äôll miss you. Hope every single one of you achieve your goals in life. - Barstool ü´∂üèº
#VivaLaYotes",TRUE,FALSE,TRUE,,11143,2024-04-26T17:49:32+0000,IMAGE,night,1
20,17953164581785920,1671,17,77,What the fuck is going on in beacomü§£  #VivaLaYotes,FALSE,TRUE,TRUE,,11087,2024-04-25T19:23:12+0000,IMAGE,night,2
21,17900734922905154,1353,12,40,"Fuck tinder. Sliding in through your school email is even better üî•üî•üî•
#VivaLaYotes #MUCRizz",TRUE,FALSE,TRUE,,14025,2024-04-25T16:44:33+0000,IMAGE,afternoon,0
22,18049993039567819,655,1,89,"The forbidden char soup üòã
#VivaLaYotes",TRUE,FALSE,TRUE,,0,2024-04-24T15:56:06+0000,VIDEO,afternoon,0
23,18049595050651468,1149,2,133,"That poor grandpa..
#VivaLaYotes #TinderTuesday",FALSE,TRUE,TRUE,,14439,2024-04-23T16:50:34+0000,CAROUSEL_ALBUM,afternoon,1
24,17978530313647541,1136,13,70,"Bros rizz is immaculate
#VivaLaYotes",FALSE,TRUE,TRUE,,13941,2024-04-22T20:02:46+0000,IMAGE,night,1
25,18204684652303782,1992,14,72,"Bar Crawl: 2
Me: 0
Next year is my year üòà
#VivaLaYotes",TRUE,FALSE,TRUE,,16004,2024-04-22T15:56:26+0000,CAROUSEL_ALBUM,afternoon,0
1,18332744740187372,1348,6,157,WAKE THE FUCK UP USD LETS RAGE #BarCrawl #VivaLaYotes,FALSE,TRUE,TRUE,,0,2024-04-20T13:27:50+0000,VIDEO,afternoon,0
2,17914903361918938,1125,6,33,"This might be one of the funniest submissions ive ever gotten ü§£ü§£ü§£
#VivaLaYotes",FALSE,TRUE,TRUE,,0,2024-04-18T19:25:49+0000,VIDEO,night,0
3,17992541033425490,908,4,36,Someone‚Äôs getting fired üòÖ #VivaLaYotes  @vpdpics,TRUE,FALSE,TRUE,,13862,2024-04-18T02:20:17+0000,IMAGE,night,0
4,18433024795008112,47172,4,288,"That car turned into a boat üò≥
#VivaLaYotes",TRUE,FALSE,TRUE,,0,2024-04-16T23:49:34+0000,VIDEO,night,0
5,18033754969757587,1526,6,50,Personally I‚Äôm not going to class for at least a week after that ü§£#VivaLaYotes,FALSE,TRUE,TRUE,,14313,2024-04-16T22:51:54+0000,CAROUSEL_ALBUM,night,3
6,17842544964211166,1238,2,147,"I hate when my pet fish takes my phone and rizzes chicks on tinder üò°üò°
#VivaLaYotes #TinderTuesday",TRUE,FALSE,TRUE,,14221,2024-04-16T18:14:36+0000,CAROUSEL_ALBUM,night,1
7,18092878945411567,1559,0,36,"These horses randomly spawn in every semester
#VivaLaYotes",FALSE,TRUE,TRUE,,12081,2024-04-15T20:29:28+0000,CAROUSEL_ALBUM,night,1
8,17957546867759669,860,0,37,Summer is so fucking back‚ÄºÔ∏è #VivaLaYotes,TRUE,FALSE,TRUE,,8448,2024-04-13T20:57:15+0000,IMAGE,night,0
9,17989428605635812,814,0,45,"Gotta vacuum the cement ü´£
#VivaLaYotes",FALSE,TRUE,TRUE,,0,2024-04-13T16:50:46+0000,VIDEO,afternoon,0
10,18017001134269293,709,4,12,"Before this video they were caught sniffing them.. 
#VivaLaYotes",FALSE,TRUE,TRUE,,0,2024-04-11T23:15:29+0000,VIDEO,night,0
11,17864953023100503,613,4,39,"RIP GOAT üòî
#VivaLaJuice",TRUE,FALSE,TRUE,,0,2024-04-11T15:39:18+0000,VIDEO,afternoon,0
12,17882394081029404,1265,3,197,"Count Rizzula
#TinderTuesday #VivaLaYotes",FALSE,TRUE,TRUE,,13065,2024-04-09T17:18:25+0000,CAROUSEL_ALBUM,night,1
13,18022207931130873,1218,8,56,Bronny James has officially announced his commitment to USD ‚ÄºÔ∏èüòàüòàüòà #VivaLaYotes,TRUE,FALSE,TRUE,,12506,2024-04-05T21:52:44+0000,IMAGE,night,4
14,18039903988764566,812,16,8,"Nothing but facts here. @hobosbarstool 
#VivaLaYotes",FALSE,TRUE,TRUE,,12195,2024-04-05T20:11:07+0000,IMAGE,night,0
15,17988195182481461,937,1,53,"Happy Easter, yotes üê∞
#VivaLaYotes",TRUE,FALSE,TRUE,,10162,2024-03-31T19:09:35+0000,CAROUSEL_ALBUM,night,1
16,17858937474130808,1222,19,89,"Dear god please I‚Äôm shaking
#VivaLaYotes",FALSE,TRUE,TRUE,,14150,2024-03-29T17:52:24+0000,IMAGE,night,0
17,18014001302205800,1009,6,78,"Someone got hit in the head with the char plunger ü§¢ü§¢
#VivaLaYotes",FALSE,TRUE,TRUE,,0,2024-03-27T19:29:15+0000,VIDEO,night,0
18,17997550913569458,945,6,330,"üí•ANNOUNCEMENTüí•
Happy to announce that the USD bar crawl will be on April 20th! The following bars will open at:
Leo‚Äôs - 8 AM (Will have breakfast)
Varsity - 9 AM
Carey‚Äôs - 10 AM
OLC - 11 AM
Pub - 11 AM
Char - 5 PM
Hollarr - RIP üòü‚òùüèª

Better see a lot of you there!
#VivaLaYotes #CommenseSuckDown",TRUE,FALSE,TRUE,,13485,2024-03-26T16:12:26+0000,IMAGE,afternoon,1
19,17940738521799932,1567,20,82,Next up is @loganhaa for the USD Barstool Bachelor championship round. We asked both contestants to make a ‚Äúday in the life of a barstool bachelor‚Äù video. Voting is live on the story for the next 24 hours. GO VOTE üåπ #VivaLaYotes,TRUE,FALSE,TRUE,,0,2024-03-25T19:58:47+0000,VIDEO,night,0
20,17922296813856958,849,1,22,First up is @_millerjesse_ for the USD Barstool Bachelor championship round. We asked both contestants to make a ‚Äúday in the life of a barstool bachelor‚Äù video. Voting is live on the story for the next 24 hours. GO VOTE üåπ #VivaLaYotes,TRUE,FALSE,TRUE,,0,2024-03-25T19:57:25+0000,VIDEO,night,0
21,18051788686595540,1495,15,336,"REST IN PEACE TO THE UNIVERSE‚ÄôS HOTTEST NIGHT CLUB üòï 2021-2024
@hollarrbar 
#VivaLaYotes #VivaLaHollarr",TRUE,FALSE,TRUE,,0,2024-03-20T16:50:55+0000,VIDEO,afternoon,0
22,17992368980378586,446,0,1,The final 4 contestants are set. GO VOTE ON OUR STORY üåπüëÄ #VivaLaYotes,TRUE,FALSE,TRUE,,11095,2024-03-17T23:08:04+0000,IMAGE,night,0
23,18003647978200173,756,0,24,Here are your FINAL 4 contestants for the 2024 USD bachelor üåπ. Voting will begin now on the story for the next 24 hours. I‚Äôll post the bracket in a separate post because instagram won‚Äôt resize the image automatically. GO VOTE üôèüèª #VivaLaYotes,TRUE,FALSE,TRUE,,14223,2024-03-17T23:04:08+0000,CAROUSEL_ALBUM,night,2
24,18033266170879209,1743,10,14,Let the great migration begin #VivaLaYotes,FALSE,TRUE,TRUE,,16291,2024-03-09T18:32:58+0000,IMAGE,night,1
25,18025446469985715,924,0,85,Here are your TOP 8 barstool bachelors üåπ Head over to the story to vote for your favorite bachelors. Voting will close tomorrow at 9:00pm to announce the top 4 contestants üëÄ The bracket will be posted following this post üôèüèª#VivaLaYotes,TRUE,FALSE,TRUE,,15591,2024-03-06T02:45:09+0000,CAROUSEL_ALBUM,night,2
1,18001456091394007,2049,6,218,"This weekend has me in shambles right now
#VivaLaYotes",FALSE,TRUE,TRUE,,16464,2024-03-03T23:09:18+0000,CAROUSEL_ALBUM,night,3
2,18418512652003508,660,1,43,"Here are the last round 2 contestants üåπ Voting will start at 6:00pm on our story, GO VOTE #VivaLaYotes",TRUE,FALSE,TRUE,,13321,2024-03-03T00:05:59+0000,CAROUSEL_ALBUM,night,0
3,18022901159076872,924,3,46,Here are the 2nd round contestants for the left side of the bracket üåπ There will be another post following the right side bracket contestants. Voting will start at 6:00pm on our storyüëÄ #VivaLaYotes,TRUE,FALSE,TRUE,,14006,2024-03-02T23:52:40+0000,CAROUSEL_ALBUM,night,1
4,17991551693365255,2669,45,532,"After seeing this video, I am officially leaving this town and transferring.
#VivaLaYotes",FALSE,TRUE,TRUE,,0,2024-03-02T19:36:26+0000,VIDEO,night,0
5,17936534741800206,1588,32,121,"Chat is this fucking real..
#VivaLaYotes",FALSE,TRUE,TRUE,,18663,2024-02-29T22:55:53+0000,CAROUSEL_ALBUM,night,0
6,18009911105077440,1184,155,223,"USD MEN:
Are you tired of going downtown and getting absolutely no play? Let‚Äôs hop off of tinder for a bit and let me help you find the future love of your life (hopefully).
DM ME TO NOMINATE EITHER YOURSELF OR A FRIEND! APPLICATIONS WILL BE CLOSING TOMORROW NIGHT!
Tag a friend in the comments who should apply!
#VivaLaYotes",FALSE,TRUE,TRUE,,18318,2024-02-26T17:00:09+0000,IMAGE,night,3
7,18014825720476215,1481,14,109,"‚ÄúFreshness guaranteed‚Äù my ass
@walmart you have 24 hours to respond 
#VivaLaYotes",FALSE,TRUE,TRUE,,19897,2024-02-26T02:12:55+0000,IMAGE,night,3
8,18064566850500366,836,0,18,ST. PATRICK‚ÄôS DAY MERCH JUST DROPPED ‚òòÔ∏è üçª LINK IN BIO - ORDER BEFORE WE‚ÄôRE SOLD OUT ‚ÄºÔ∏è #VivaLaYotes,TRUE,FALSE,TRUE,,13211,2024-02-21T00:52:18+0000,CAROUSEL_ALBUM,night,0
9,17912965067898490,1073,2,142,"New word unlocked: meat monkey
#VivaLaYotes",FALSE,TRUE,TRUE,,14605,2024-02-20T17:18:30+0000,CAROUSEL_ALBUM,night,3
10,18258228769235972,1328,10,81,"All girls are 100% folding if they get these messages
#VivaLaYotes",FALSE,TRUE,TRUE,,17691,2024-02-19T17:47:09+0000,CAROUSEL_ALBUM,night,1
11,18036044314751305,2102,4,136,"This professor needs a hug asap üòî
#VivaLaYotes",TRUE,FALSE,TRUE,,18677,2024-02-18T21:28:29+0000,IMAGE,night,1
12,18017501083899979,1754,17,91,"A true gentlemen.
#VivaLaYotes",FALSE,TRUE,TRUE,,0,2024-02-17T02:51:20+0000,VIDEO,night,0
13,17996360309302542,1316,3,75,One last hail mary before Valentine‚Äôs day üôèüèª #VivaLaYotes,TRUE,FALSE,TRUE,,13322,2024-02-13T23:09:24+0000,IMAGE,night,1
14,17913897626870031,4482,52,1591,"What the FUCK is going on in verm ü§£ü§£ü§£ü§£
#VivaLaYotes",FALSE,TRUE,TRUE,,0,2024-02-08T18:01:37+0000,VIDEO,night,0
15,17986965815416125,1807,6,87,"I‚Äôve never seen sadness on the char dance floor until now.. 
#VivaLaYotes",FALSE,TRUE,TRUE,,16502,2024-02-05T19:20:15+0000,CAROUSEL_ALBUM,night,1
16,18020705741005184,1507,1,53,"Camera roll ‚ú®dump‚ú®
#VivaLaYotes",TRUE,FALSE,TRUE,,15752,2024-02-03T18:02:04+0000,CAROUSEL_ALBUM,night,0
17,18053587453545740,1485,6,41,"Beer die is so fucking back
#VivaLaYotes",FALSE,TRUE,TRUE,,15152,2024-02-01T20:13:32+0000,CAROUSEL_ALBUM,night,5
18,18005099279111962,710,1,13,Coyote football alum is going back to the Blue Bombers. Looks like another Grey Cup is coming to the city of Winnipeg üëÄ,TRUE,FALSE,FALSE,,11414,2024-01-31T18:38:53+0000,IMAGE,night,0
19,18007580654259422,12230,214,3536,"The OJ Simpson of Vermillion 
#VivaLaYotes",FALSE,TRUE,TRUE,,0,2024-01-30T17:35:04+0000,VIDEO,night,0
20,17850278436133995,1057,32,9,Leave it in the comments ‚¨áÔ∏è‚¨áÔ∏è‚¨áÔ∏è,TRUE,FALSE,FALSE,,16231,2024-01-29T19:08:47+0000,IMAGE,night,0
21,17874990546029909,748,0,35,"They will never be able to take our zyns.
#VivaLaYotes",FALSE,TRUE,TRUE,,12835,2024-01-27T22:24:27+0000,IMAGE,night,0
22,18040574020580555,969,5,48,"New Year‚Äôs resolution is still going üôèüèº
#VivaLaYotes",TRUE,FALSE,TRUE,,0,2024-01-26T21:55:02+0000,VIDEO,night,0
23,17903525423921926,1138,3,155,"Girls with eyebrows üò©üò©üò©
#VivaLaYotes #TinderTuesday",TRUE,FALSE,TRUE,,14842,2024-01-24T00:35:11+0000,CAROUSEL_ALBUM,night,3
24,18025946062919295,1525,19,100,"This guy was trying to throw up a full court shot.. 
#VivaLaYotes",FALSE,TRUE,TRUE,,17829,2024-01-22T17:54:18+0000,CAROUSEL_ALBUM,night,0
25,17896489676877161,1564,5,48,"The grind never fucking stops
#VivaLaYotes",FALSE,TRUE,TRUE,,15424,2024-01-18T23:38:05+0000,CAROUSEL_ALBUM,night,0
1,18006067772248665,1474,18,141,"Damn, guys can‚Äôt do shit.. How are we feelin boys? ü§î
#VivaLaYotes",FALSE,TRUE,TRUE,,17079,2024-01-18T17:11:34+0000,IMAGE,night,2
2,17937639314789393,1738,4,35,"A drown on a Sunday with no school the next day should be illegal
#VivaLaYotes",FALSE,TRUE,TRUE,,15290,2024-01-17T17:08:40+0000,CAROUSEL_ALBUM,night,0
3,18033623914696015,1013,0,70,"Munch Academy attendance üìà
#VivaLaYotes #TinderTuesday",TRUE,FALSE,TRUE,,12238,2024-01-16T20:17:01+0000,CAROUSEL_ALBUM,night,0
4,18000640850517863,1913,6,69,"This weather fucking blows
#VivaLaYotes",FALSE,TRUE,TRUE,,17264,2024-01-15T20:16:02+0000,CAROUSEL_ALBUM,night,3
5,18331284277101938,1195,4,143,"Bonnie‚Äôs kinda smooth with those turns üò≥üò≥
#VivaLaYotes",TRUE,FALSE,TRUE,,0,2024-01-12T17:21:00+0000,VIDEO,night,0
6,18014462563930563,1940,7,51,"Get this guy a scholarship @sdcoyotesfb 
#VivaLaYotes",FALSE,TRUE,TRUE,,0,2024-01-11T03:26:04+0000,VIDEO,night,0
7,17909342732895088,1582,1,51,"Whoever this is pick me up in 15 I‚Äôm ready to go
#VivaLaYotes",FALSE,TRUE,TRUE,,0,2024-01-10T01:41:42+0000,VIDEO,night,0
8,18077232361394518,1339,0,151,"Great way to spend a snow day
#VivaLaYotes",FALSE,TRUE,TRUE,,0,2024-01-09T18:55:54+0000,VIDEO,night,0
9,18290950237157436,932,0,11,"SEND IN SNOW CONTENT ‚ÄºÔ∏è
#VivaLaYotes",TRUE,FALSE,TRUE,,0,2024-01-08T23:19:13+0000,VIDEO,night,0
10,18254995765169796,1171,12,302,"Mood for school tomorrow
#VivaLaYotes",FALSE,TRUE,TRUE,,0,2024-01-08T02:43:34+0000,VIDEO,night,0
11,18402325096035232,52222,27,647,"Nothing like posting OLC twice in a row üî•üíØ #NotAnAd
#VivaLaYotes",TRUE,FALSE,TRUE,,0,2024-01-04T23:19:21+0000,VIDEO,night,0
12,18002671148100380,1165,15,123,"I‚Äôm so glad I didn‚Äôt go to olc last night holy shit
#VivaLaYotes",FALSE,TRUE,TRUE,,0,2024-01-01T23:09:46+0000,VIDEO,night,0
13,18369821011076090,1166,3,42,"Throwback to 2018 DDAYS üëÄ
#VivaLaYotes",TRUE,FALSE,TRUE,,0,2023-12-27T20:36:49+0000,VIDEO,night,0
14,18032876551707803,1531,3,96,"This guy has immaculate rizz. Is he valid with all of convos?
#VivaLaYotes #TinderTuesday",FALSE,TRUE,TRUE,,16195,2023-12-26T18:11:05+0000,CAROUSEL_ALBUM,night,0
15,17982834443391970,1801,8,184,"Merry Christmas! I hope everyone from SDSU got coal this year.
#VivaLaYotes",FALSE,TRUE,TRUE,,13528,2023-12-25T15:44:58+0000,IMAGE,afternoon,22
16,18037162978654405,1086,6,51,Persistence. #VivaLaYotes,FALSE,TRUE,TRUE,,13357,2023-12-23T19:40:48+0000,IMAGE,night,0
17,18027855688835399,1176,1,33,"We found ways to pass when we didn‚Äôt think it was possible üò§
#VivaLaYotes",TRUE,FALSE,TRUE,,0,2023-12-21T23:19:41+0000,VIDEO,night,0
18,18076194577426911,1246,2,65,"‚ö†Ô∏èBREAKING‚ö†Ô∏è
VERMILLION WILL BE HOSTING SUPER BOWL LXII
#VivaLaYotes",TRUE,FALSE,TRUE,,15201,2023-12-14T00:45:16+0000,IMAGE,night,0
19,18008896583289817,1271,2,96,Finals week rizz‚ÄºÔ∏è‚ÄºÔ∏è #TinderTuesday #VivaLaYotes,TRUE,FALSE,TRUE,,14166,2023-12-12T20:42:41+0000,CAROUSEL_ALBUM,night,0
20,17920969472745015,1218,11,177,"Dude had to get his pre-pumps in before his tinder girl came in 3 hours 
#VivaLaYotes",FALSE,TRUE,TRUE,,0,2023-12-12T18:47:55+0000,VIDEO,night,0
21,17846711736106535,1104,72,49,"Drop them in the comments and why? ‚¨áÔ∏èüëÄ
#VivaLaYotes",TRUE,FALSE,TRUE,,15129,2023-12-11T22:41:01+0000,IMAGE,night,0
22,18034309051628993,1349,0,38,"Nothing beats taking your birth control at the bar. ‚ú®Girl Boss‚ú®
#VivaLaYotes",TRUE,FALSE,TRUE,,12197,2023-12-11T17:54:02+0000,IMAGE,night,0
23,17906095220808432,2172,42,55,I want to cry but I‚Äôm proud of our boys this season. It was an exciting one. We‚Äôll be back.,FALSE,TRUE,FALSE,,14445,2023-12-09T22:15:38+0000,CAROUSEL_ALBUM,night,0
24,18030160537691569,1007,7,38,"Ayo snake shotgun ‚ÅâÔ∏èü§® 
#VivaLaYotes",TRUE,FALSE,TRUE,,0,2023-12-09T17:14:56+0000,VIDEO,night,0
25,17844014463117791,1149,7,30,"WAKE THE FUCK UP WE‚ÄôRE ABOUT TO PLAY IN THE BIGGEST GAME IN USD HISTORY üê∫
#VivaLaYotes",TRUE,FALSE,TRUE,,0,2023-12-09T15:10:19+0000,VIDEO,afternoon,0
1,17987817413592263,1920,14,133,"Honestly I get it. She‚Äôs looking for a boyfriend but he‚Äôs a husband.
#VivaLaYotes",FALSE,TRUE,TRUE,,18442,2023-12-08T00:41:28+0000,IMAGE,night,2
2,18405155155040396,1653,8,344,"Someone drove into Viejo üòî
#VivaLaYotes",TRUE,FALSE,TRUE,,0,2023-12-07T18:28:28+0000,VIDEO,night,0
3,17980617698402671,1510,12,106,"USD VS THE WORLD
#VivaLaYotes",FALSE,TRUE,TRUE,,13719,2023-12-06T20:06:44+0000,CAROUSEL_ALBUM,night,1
4,17877896036995435,2023,9,179,"Stop giving us parking tickets and we‚Äôll give back the light pole üó£Ô∏è
#VivaLaYotes",TRUE,FALSE,TRUE,,0,2023-12-06T17:02:30+0000,VIDEO,night,0
5,17914130789842670,1016,0,48,SOLD OUT! STUDENTS CLICK THE LINK ON MY STORY TO GET YOUR TICKETS. THEYRE STILL AVAILABLE ‚ÄºÔ∏è‚ÄºÔ∏è,TRUE,FALSE,FALSE,,11557,2023-12-05T20:07:21+0000,IMAGE,night,2
6,17990124101276984,1376,19,11,"Can‚Äôt wait to watch bison fans throw a tantrum this weekend after they get knocked out of the playoffs AND lose to us twice this year ü§£ü§° 
#VivaLaYotes",FALSE,TRUE,TRUE,,13152,2023-12-05T16:03:07+0000,IMAGE,afternoon,1
7,18062421955479615,1379,5,67,"Honestly I respect the hustle ü´°
#VivaLaYotes",FALSE,TRUE,TRUE,,15121,2023-12-02T23:27:26+0000,CAROUSEL_ALBUM,night,0
8,18237444760244564,1384,3,40,"Dude needs to retire from football and become the pizza boy that he needs to be
#VivaLaYotes",FALSE,TRUE,TRUE,,13588,2023-12-02T22:14:17+0000,CAROUSEL_ALBUM,night,2
9,18009377084109174,572,0,8,"30 MINUTES TILL KICKOFF GO YOTES 
#VivaLaYotes",FALSE,TRUE,TRUE,,0,2023-12-02T18:23:43+0000,VIDEO,night,0
10,18011031167014660,836,6,26,"Tomorrows the day. @aidanbouman 
#VivaLaYotes",FALSE,TRUE,TRUE,,0,2023-12-01T17:40:10+0000,VIDEO,night,0
11,18318029560117658,528,0,12,"üêù FIZZ FRIDAY üêù
#VivaLaYotes",TRUE,FALSE,TRUE,,7653,2023-12-01T17:35:21+0000,IMAGE,night,0
12,17990277926250302,1102,12,33,"You know you‚Äôre desperate when outlooks your last resort to contact her ü§£ 
#VivaLaYotes",FALSE,TRUE,TRUE,,13217,2023-11-29T01:26:44+0000,CAROUSEL_ALBUM,night,0
13,17900481665830359,1372,19,214,"Dude watched 4 hours of Andrew Tate videos and then decided to send these texts..
#VivaLaYotes",FALSE,TRUE,TRUE,,14644,2023-11-27T23:11:04+0000,IMAGE,night,0
14,18059248096484154,998,1,22,You think he hit??? #VivaLaYotes,FALSE,TRUE,TRUE,,12827,2023-11-26T19:26:38+0000,IMAGE,night,0
15,18013495942989909,1587,23,188,Hope you had a good day on the bench while your team won üòà See you Saturday for this ass beating. @thecarsoncamp,TRUE,FALSE,FALSE,,16423,2023-11-25T22:45:13+0000,CAROUSEL_ALBUM,night,1
16,18017046226779834,756,36,79,Let‚Äôs hear ‚Äòem #VivaLaYotes,FALSE,TRUE,TRUE,,15563,2023-11-23T22:41:35+0000,IMAGE,night,0
17,17972928374494634,1260,5,52,"Once he started slipping he knew there was nothing he could do üòÇ
#VivaLaYotes",TRUE,FALSE,TRUE,,0,2023-11-23T19:40:41+0000,VIDEO,night,0
18,17976813530625575,965,13,100,No excuses #VivaLaYotes,FALSE,TRUE,TRUE,,11070,2023-11-22T22:32:20+0000,IMAGE,night,0
19,18060779959479015,1537,3,38,"Everyone is home for break ü•≤
#VivaLaYotes",FALSE,TRUE,TRUE,,13335,2023-11-22T21:07:58+0000,IMAGE,night,0
20,18020370355882395,1035,0,20,"9-2 to end the regular season. Great day to be a yote! 
#VivaLaYotes",FALSE,TRUE,TRUE,,9460,2023-11-18T22:17:44+0000,IMAGE,night,3
21,18204244729287331,771,0,6,"ITS FUCKING GAMEDAY AND WESTERN ILLINOIS IS 0-10 AND SHIT ‚ÄºÔ∏è
#VivaLaYotes",TRUE,FALSE,TRUE,,0,2023-11-18T15:15:29+0000,VIDEO,afternoon,0
22,17978997494403629,1708,14,97,"Why does the char bathroom always get nuked ü§£
#VivaLaYotes",FALSE,TRUE,TRUE,,14255,2023-11-16T22:02:18+0000,IMAGE,night,1
23,18006041702286389,2180,18,189,Name a better town. I‚Äôll wait. #VivaLaYotes,FALSE,TRUE,TRUE,,15442,2023-11-15T19:19:36+0000,CAROUSEL_ALBUM,night,4
24,18074627968421655,843,0,27,Joe always keepin it üíØ #TinderTuesday #VivaLaYotes,TRUE,FALSE,TRUE,,10770,2023-11-14T23:27:51+0000,CAROUSEL_ALBUM,night,0
25,17884492352901555,1182,0,65,"What a week. My body hurts.
#VivaLaYotes",FALSE,TRUE,TRUE,,12691,2023-11-12T22:42:05+0000,CAROUSEL_ALBUM,night,0
1,17879853389921034,2068,6,69,Buddy is definitely not passing his class #VivaLaYotes,FALSE,TRUE,TRUE,,15408,2023-11-12T00:53:46+0000,CAROUSEL_ALBUM,night,0
2,18010835747057662,1633,6,63,"LETS FUCKING GOOOOOO
#VivaLaYotes",FALSE,TRUE,TRUE,,11365,2023-11-11T20:56:44+0000,IMAGE,night,3
3,18001768796017979,723,0,6,ITS THE LAST TAILGATE. WAKE THE FUCK UP AND LETS RAGE ‚ÄºÔ∏è‚ÄºÔ∏è‚ÄºÔ∏è,TRUE,FALSE,FALSE,,0,2023-11-11T15:25:21+0000,VIDEO,afternoon,0
4,17987956874262087,1235,18,575,"WHAT THE FUCK NOT THE DIRTY CHAR DANCE FLOOR JUICE
#VivaLaYotes",FALSE,TRUE,TRUE,,0,2023-11-10T19:11:52+0000,VIDEO,night,0
5,17899221260903220,1451,29,33,"Mayor of Vermillion needs impeached.
#VivaLaYotes",FALSE,TRUE,TRUE,,14911,2023-11-10T02:35:55+0000,IMAGE,night,1
6,17919848495730771,1108,7,64,These are getting out of hand üò≠ #TinderTuesday #VivaLaYotes,TRUE,FALSE,TRUE,,12985,2023-11-07T21:14:18+0000,CAROUSEL_ALBUM,night,0
7,18020762719868959,1005,1,14,"Dude did not want to go to his 8 am this morning
#VivaLaYotes",FALSE,TRUE,TRUE,,0,2023-11-07T18:29:25+0000,VIDEO,night,0
8,18397637728006186,1082,2,42,"I don‚Äôt know how he didn‚Äôt stick to the floor
#VivaLaYotes",FALSE,TRUE,TRUE,,0,2023-11-06T20:03:32+0000,VIDEO,night,0
9,17993349221348892,472,1,14,"The muc started adding flies for extra protein 
#VivaLaYotes",FALSE,TRUE,TRUE,,0,2023-11-05T19:08:33+0000,VIDEO,night,0
10,18372711226069448,1423,3,10,"Coyotes win. Let‚Äôs finish out the rest of the season. 
#VivaLaYotes",FALSE,TRUE,TRUE,,11376,2023-11-04T21:10:13+0000,IMAGE,night,0
11,18037493116588227,812,0,16,"ITS GAMEDAY LETS FUCKING GO 
#VivaLaYotes",FALSE,TRUE,TRUE,,0,2023-11-04T14:49:49+0000,VIDEO,afternoon,0
12,17845524489091087,1304,5,302,"APPLYING TO LAW SCHOOL RIGHT FUCKING NOW #swiftie‚ú®
#VivaLaYotes",TRUE,FALSE,TRUE,,13963,2023-11-02T19:24:16+0000,IMAGE,night,3
13,17849404095076591,1155,1,22,"Who‚Äôs the genius behind bringing inflatables to a tailgate while snowing
#VivaLaYotes",FALSE,TRUE,TRUE,,0,2023-11-01T20:21:53+0000,VIDEO,night,0
14,18023953768749985,1587,12,73,"He was him yesterday.
#VivaLaYotes",FALSE,TRUE,TRUE,,0,2023-10-29T20:47:11+0000,VIDEO,night,0
15,17989443038387178,1720,43,51,"Logging off for the night. Sad yotes fan. Very disappointed in our performance. We‚Äôll be back. 
#VivaLaYotes",FALSE,TRUE,TRUE,,14811,2023-10-28T20:40:34+0000,IMAGE,night,1
16,18031393663719777,2180,35,266,"FUCK THE JACKRABBITS. Already got dead ones on the fields.
#VivaLaYotes",FALSE,TRUE,TRUE,,0,2023-10-28T18:05:27+0000,VIDEO,night,0
17,18008093288043017,1210,3,65,"THE BOB DROP IS GETTING BROUGHT OUT TODAY. FUCK STATE ‚ÄºÔ∏è
#VivaLaYotes",TRUE,FALSE,TRUE,,0,2023-10-28T14:31:49+0000,VIDEO,afternoon,0
18,18043031692495797,1582,25,20,"You are a disgrace to barstool that‚Äôs how bad you guys are. BEST BARSTOOL IN THE STATE üëë
#VivaLaYotes @hobosbarstool",TRUE,FALSE,TRUE,,15566,2023-10-27T16:10:29+0000,IMAGE,afternoon,3
19,17997227288208045,1250,4,43,"I know it‚Äôs not Tuesday but DAMN he got bodied
#VivaLaYotes",FALSE,TRUE,TRUE,,14878,2023-10-27T00:42:47+0000,IMAGE,night,0
20,17997672299214957,1993,15,110,"Open up üòà
#VivaLaYotes",TRUE,FALSE,TRUE,,15062,2023-10-26T19:13:23+0000,IMAGE,night,9
21,17910346457835296,1220,11,80,"No surprise here. Shit eaters. FUCK STATE ‚ÄºÔ∏è
#VivaLaYotes",TRUE,FALSE,TRUE,,14958,2023-10-25T17:51:52+0000,IMAGE,night,0
22,17889117467865002,1631,17,18,"We asked an AI generator what campus would look like in 1000 years. What‚Äôre your thoughts? 
#VivaLaYotes",FALSE,TRUE,TRUE,,16137,2023-10-25T00:00:00+0000,IMAGE,night,0
23,17985826223265994,1452,19,202,"@hobosbarstool you guys gonna say anything this week or be the shitty inactive barstool account that you are?
#VivaLaYotes",FALSE,TRUE,TRUE,,0,2023-10-24T16:39:12+0000,VIDEO,afternoon,0
24,18238555021211565,4481,160,860,"Calm before the storm. We‚Äôre coming.
#VivaLaYotes",FALSE,TRUE,TRUE,,0,2023-10-23T16:41:45+0000,VIDEO,afternoon,0
25,17989411562457415,1636,4,38,"I hope the 12 disciples went to hollarr this weekend
#VivaLaYotes",FALSE,TRUE,TRUE,,0,2023-10-22T22:19:13+0000,VIDEO,night,0
1,18022006726774667,1118,2,24,"ITS GAMEDAY
#VivaLaYotes",FALSE,TRUE,TRUE,,0,2023-10-21T13:57:06+0000,VIDEO,afternoon,0
2,17910672518831416,1174,0,72,"Okay now these people are just showing off their horses at this point 
#VivaLaYotes",FALSE,TRUE,TRUE,,0,2023-10-20T22:04:05+0000,VIDEO,night,0
3,17884879838946875,1922,85,121,"We all know what happened the last time SDSU came to town. Now @collegegameday needs to experience this rivalry. Cant wait to see you announce Vermillion as the location tomorrow üòè
#VivaLaYotes #GamedaytoVermillion",TRUE,FALSE,TRUE,,0,2023-10-20T16:56:48+0000,VIDEO,afternoon,0
4,18301982644184851,1989,116,124,"JUST KIDDING, we‚Äôre posting until @collegegameday announces that they‚Äôre coming to Vermillion on Saturday. One of the longest rivalries is waiting for you guys.. 
#VivaLaYotes #GamedaytoVermillion",FALSE,TRUE,TRUE,,18869,2023-10-19T16:19:25+0000,IMAGE,afternoon,4
5,18238264465215458,2386,174,250,"What a beautiful background for a college gameday. The state of South Dakota is ready to welcome you to vermillion. Hope to see you next weekend! @collegegameday 
#VivaLaYotes #collegegameday",FALSE,TRUE,TRUE,,19589,2023-10-18T19:53:56+0000,IMAGE,night,8
6,18046758964516609,1099,0,5,"Don‚Äôt worry, we didn‚Äôt forget about you. Father‚Äôs Day will be coming early on Saturday. 
#VivaLaYotes",FALSE,TRUE,TRUE,,12958,2023-10-18T16:10:03+0000,IMAGE,afternoon,0
7,18390965851010145,2688,196,358,I‚Äôm starting to sound like a broken record here but the state of South Dakota wants college gameday to come to Vermillion on October 28th. Let‚Äôs put FCS football on the map. üòè @collegegameday,TRUE,FALSE,FALSE,,21802,2023-10-17T21:36:13+0000,IMAGE,night,28
8,18004596053305473,1381,1,32,"Same energy 
#VivaLaYotes",FALSE,TRUE,TRUE,,15881,2023-10-17T17:15:03+0000,CAROUSEL_ALBUM,night,0
9,17964594503644175,2337,103,428,"@collegegameday OCTOBER 28th. VERMILLION, SOUTH DAKOTA. One of the biggest in-state rivalries in college football. See you soon üòè",TRUE,FALSE,FALSE,,19112,2023-10-16T21:30:38+0000,IMAGE,night,24
10,17956735826543159,1584,9,26,"First rankings and we‚Äôre already #1 ü§∑üèº‚Äç‚ôÇÔ∏è
#VivaLaYotes",TRUE,FALSE,TRUE,,15209,2023-10-16T18:04:47+0000,IMAGE,night,4
11,17994258539100317,1541,4,44,"Bro save some pussy for the rest of us !
#VivaLaYotes",FALSE,TRUE,TRUE,,12446,2023-10-16T16:57:39+0000,IMAGE,afternoon,0
12,17978899322587788,1379,0,25,A career day for @aidanbouman and the coyotes roll to 5-1 üìà,TRUE,FALSE,FALSE,,13323,2023-10-14T23:10:38+0000,CAROUSEL_ALBUM,night,0
13,17951581016686433,1057,5,41,GET FUCKED @barstoolysu,FALSE,TRUE,FALSE,,13503,2023-10-14T21:24:03+0000,IMAGE,night,0
14,18006885040880231,1056,2,6,"Big game tomorrow against #23 Youngstown State. Show out at the dome and let‚Äôs fucking go.
#VivaLaYotes",FALSE,TRUE,TRUE,,10685,2023-10-13T22:17:43+0000,IMAGE,night,1
15,18023426959742969,685,3,1,"It‚Äôs always Modelo time at Starbucks üçª
#VivaLaYotes",TRUE,FALSE,TRUE,,0,2023-10-13T19:05:42+0000,VIDEO,night,0
16,18373047361066402,1369,1,171,a lot of bold ones this week ü§£ #VivaLaYotes #TinderTuesday,FALSE,TRUE,TRUE,,14634,2023-10-10T21:29:03+0000,CAROUSEL_ALBUM,night,1
17,18002873618107160,1527,4,33,"I‚Äôve never been so excited for FCS football in my life
#VivaLaYotes",FALSE,TRUE,TRUE,,13859,2023-10-10T19:57:48+0000,IMAGE,night,0
18,18006271454046630,2351,13,213,"This weekend took off 10+ years of my lifespan
#VivaLaYotes",FALSE,TRUE,TRUE,,18471,2023-10-09T23:55:09+0000,CAROUSEL_ALBUM,night,16
19,17931628787762077,2308,8,71,"DDAYS WEEKEND RECAP, ‚ö†Ô∏èthere will be more posts today so send in your content to be featured ‚ö†Ô∏è
#VivaLaYotes",TRUE,FALSE,TRUE,,17593,2023-10-09T14:17:44+0000,CAROUSEL_ALBUM,afternoon,7
20,17855781516016775,2071,1,145,yotes win. #VivaLaYotes,FALSE,TRUE,TRUE,,14225,2023-10-07T22:00:38+0000,IMAGE,night,23
21,17960294312511667,1675,4,27,"Don‚Äôt be like this guy.. ITS TIME TO FUCKING RAGE
#VivaLaYotes",FALSE,TRUE,TRUE,,0,2023-10-07T14:36:55+0000,VIDEO,afternoon,0
22,17864651022007445,1760,7,185,"YO who took Bonnie‚Äôs scooter ‚ÅâÔ∏èü§®
#VivaLaYotes",TRUE,FALSE,TRUE,,0,2023-10-06T18:19:20+0000,VIDEO,night,0
23,18002107148107238,1941,6,170,"The forbidden char dance floor drink üò≥
#VivaLaYotes",TRUE,FALSE,TRUE,,19057,2023-10-05T18:20:46+0000,CAROUSEL_ALBUM,night,4
24,17992736267093416,1322,3,28,drown is going to be a war zone #VivaLaYotes,FALSE,TRUE,TRUE,,12785,2023-10-04T23:07:42+0000,IMAGE,night,1
25,17955838157534086,1219,4,69,bath water is crazy üò≠üò≠ #VivaLaYotes #TinderTuesday,TRUE,FALSE,TRUE,,15701,2023-10-03T20:52:10+0000,CAROUSEL_ALBUM,night,1
1,17894299430827249,1567,0,31,"You scared for saturday? @barstoolmurray 
#VivaLaYotes",FALSE,TRUE,TRUE,,14159,2023-10-02T20:57:17+0000,IMAGE,night,4
2,18003013946086160,2402,7,154,"DDAYS is upon us folks‚Ä¶
#VivaLaYotes",FALSE,TRUE,TRUE,,18379,2023-10-01T20:27:36+0000,CAROUSEL_ALBUM,night,3
3,18014957992895080,2583,19,305,"HOLY FUCK I HAVENT BEEN THIS HAPPY SINCE CHRISTMAS OF 2007
#VivaLaYotes",FALSE,TRUE,TRUE,,17447,2023-09-30T20:51:15+0000,IMAGE,night,34
4,17878824059899901,934,3,55,@barstoolndsu,FALSE,TRUE,FALSE,,11410,2023-09-30T20:30:58+0000,IMAGE,night,3
5,18035586751566473,1025,14,37,"Oh god here we go again.. 
(Send in content of this man)
#VivaLaYotes",FALSE,TRUE,TRUE,,0,2023-09-28T17:30:34+0000,VIDEO,night,0
6,18100663435318171,1330,20,163,"Damn an L on homecoming sure is gonna suck. 
#VivaLaYotes #SkeeYee",FALSE,TRUE,TRUE,,17308,2023-09-28T17:15:18+0000,IMAGE,night,7
7,18025266328638251,1001,4,36,slow stroke king #VivaLaYotes,FALSE,TRUE,TRUE,,0,2023-09-26T20:30:56+0000,VIDEO,night,0
8,18001155584298957,1778,4,100,Matching with the alcohol prevention speaker is crazy üíÄ#VivaLaYotes,TRUE,FALSE,TRUE,,16621,2023-09-26T00:58:14+0000,CAROUSEL_ALBUM,night,1
9,17953096487551143,2446,16,269,"Vermillion is burning down this weekend
#VivaLaYotes",FALSE,TRUE,TRUE,,18006,2023-09-22T17:25:26+0000,CAROUSEL_ALBUM,night,8
10,17876985140907844,1257,9,113,"That seemed a little personal.. 
#VivaLaYotes",FALSE,TRUE,TRUE,,0,2023-09-22T00:24:27+0000,VIDEO,night,0
11,18015437236835039,1104,2,219,verm squirrels getting a little too comfortableü§® #VivaLaYotes,FALSE,TRUE,TRUE,,0,2023-09-20T17:35:15+0000,VIDEO,night,0
12,17983458179426888,1097,1,85,"I don‚Äôt know how to spell gongeous either
#VivaLaYotes",FALSE,TRUE,TRUE,,14559,2023-09-19T22:34:28+0000,CAROUSEL_ALBUM,night,1
13,17872110800975142,1672,23,616,"Walmart brand Napoleon Dynamite 
#VivaLaYotes",FALSE,TRUE,TRUE,,0,2023-09-19T17:17:59+0000,VIDEO,night,0
14,17997980632981807,1638,10,150,"Fever dream last night
#VivaLaYotes",FALSE,TRUE,TRUE,,16913,2023-09-17T16:20:37+0000,CAROUSEL_ALBUM,afternoon,7
15,18001758824305065,1232,2,25,WAKE THE FUCK UP VERMILLION ITS GAMEDAY  #VivaLaYotes,FALSE,TRUE,TRUE,,0,2023-09-16T15:25:10+0000,VIDEO,afternoon,0
16,18059077471414666,797,2,114,"Protein
#VivaLaYotes",FALSE,TRUE,TRUE,,0,2023-09-16T15:09:13+0000,VIDEO,afternoon,0
17,18388181719034957,1253,13,15,"LETS GET FUCKING WEIRD THIS WEEKEND 
#VivaLaYotes",FALSE,TRUE,TRUE,,15123,2023-09-15T18:50:32+0000,CAROUSEL_ALBUM,night,0
18,18019727794704137,1616,3,66,"Your grammar might be atrocious but now everyone knows how girl boss you are ‚ú® Fuckin Steve man üòîüòîüòîüòîüòî
#VivaLaYotes",TRUE,FALSE,TRUE,,14714,2023-09-14T18:33:35+0000,IMAGE,night,3
19,17990398391092655,1598,1,77,@sdcoyotesmbb sign him immediately #VivaLaYotes,FALSE,TRUE,TRUE,,0,2023-09-14T16:53:31+0000,VIDEO,afternoon,0
20,18028331704610407,2072,3,1219,"Phil Mickelzyn would be proud
#VivaLaYotes",FALSE,TRUE,TRUE,,0,2023-09-13T22:38:57+0000,VIDEO,night,0
21,18063718648434458,1756,6,213,"Fuck homework in the library, we rockin with droppin watermelons there now ‚ÅâÔ∏è
#VivaLaYotes",TRUE,FALSE,TRUE,,17609,2023-09-12T18:27:48+0000,CAROUSEL_ALBUM,night,5
22,18097321702355564,1065,0,41,"Dear god none 
#VivaLaYotes",FALSE,TRUE,TRUE,,12538,2023-09-11T16:34:16+0000,IMAGE,afternoon,0
23,18027315661621435,655,0,12,get daddied @tommie_barstool ü§°üò¢ #VivaLaYotes,TRUE,FALSE,TRUE,,11639,2023-09-09T21:47:59+0000,IMAGE,night,1
24,17859393461981518,1625,3,60,"WAKE THE FUCK UP VERMILLION ITS TIME TO RAGE 
#VivaLaYotes",FALSE,TRUE,TRUE,,15788,2023-09-09T15:27:33+0000,IMAGE,afternoon,8
25,18386614111055290,1452,3,99,WHAT THE FUCK IS A TOMMIE ‚ÄºÔ∏è‚ÄºÔ∏è @tommie_barstool,TRUE,FALSE,FALSE,,15742,2023-09-08T23:18:42+0000,CAROUSEL_ALBUM,night,36
1,17909418515748309,925,4,14,"The dawgs were out at dominos ‚ÄºÔ∏è‚ÄºÔ∏è
#VivaLaYotes",TRUE,FALSE,TRUE,,0,2023-09-07T20:40:42+0000,VIDEO,night,0
2,17951826683548405,1153,8,25,who hurt the parking bozos üò≠ #VivaLaYotes,TRUE,FALSE,TRUE,,0,2023-09-06T21:47:20+0000,VIDEO,night,0
3,17930150138653579,807,1,50,"Bonnie heard that breezes were on high demand so she bought out the whole store
#VivaLaYotes",FALSE,TRUE,TRUE,,0,2023-09-05T18:35:13+0000,VIDEO,night,0
4,18015593443794301,1388,3,47,Why Valero doesn‚Äôt have a pump anymore üò¢ #VivaLaYotes,TRUE,FALSE,TRUE,,12254,2023-09-03T16:52:03+0000,IMAGE,afternoon,1
5,17904800300762952,1717,11,148,"Buddy tried to trust fall a counter
#VivaLaYotes",FALSE,TRUE,TRUE,,0,2023-09-02T17:36:18+0000,VIDEO,night,0
6,18380476966004217,893,5,8,Bet that dog could whip up a mean enchilada #GoodBoyFriday #VivaLaYotes,FALSE,TRUE,TRUE,,9428,2023-09-01T17:54:34+0000,IMAGE,night,0
7,17985292166467063,1391,7,120,PSA: There is a bear on the loose right now on campus. It was last spotted at the muc. #VivaLaYotes,FALSE,TRUE,TRUE,,14466,2023-08-31T02:31:09+0000,IMAGE,night,5
8,17871098924918865,957,0,103,"God your guys classes are so hard @hobosbarstool 
#VivaLaYotes",FALSE,TRUE,TRUE,,0,2023-08-30T17:40:28+0000,VIDEO,night,0
9,17969036774391962,1074,0,154,"I fucking love dinosaurs
#VivaLaYotes #TinderTuesday",FALSE,TRUE,TRUE,,13418,2023-08-29T20:16:47+0000,CAROUSEL_ALBUM,night,1
10,18071073844409139,903,1,44,"A healthier alternative to vaping
#VivaLaYotes",FALSE,TRUE,TRUE,,0,2023-08-27T22:43:23+0000,VIDEO,night,0
11,18381021877016730,1026,1,144,I would‚Äôve paid the $1000 #VivaLaYotes,FALSE,TRUE,TRUE,,13712,2023-08-27T01:05:15+0000,CAROUSEL_ALBUM,night,0
12,18014285473802017,796,1,36,‚ÄúI‚Äôll get a 4.0 this semester‚Äù ü§° #VivaLaYotes,FALSE,TRUE,TRUE,,10976,2023-08-25T19:06:41+0000,IMAGE,night,0
13,17980203605228736,1041,7,26,"He definitely didn‚Äôt make mass com today
#VivaLaYotes",FALSE,TRUE,TRUE,,0,2023-08-24T20:50:18+0000,VIDEO,night,0
14,18026881915559241,1789,5,104,alright who put a rotisserie chicken in the coyotes mouthü§£ #VivaLaYotes,FALSE,TRUE,TRUE,,13789,2023-08-24T18:10:35+0000,IMAGE,night,8
15,18227486203242933,1601,8,35,@usouthdakota fire this professor immediately #VivaLaYotes,FALSE,TRUE,TRUE,,15025,2023-08-23T18:09:32+0000,IMAGE,night,1
16,17984797937131250,962,0,39,"I don‚Äôt know the difference between woman and women either 
#VivaLaYotes #TinderTuesday",FALSE,TRUE,TRUE,,13983,2023-08-23T01:09:55+0000,CAROUSEL_ALBUM,night,0
17,18021428116653457,3567,12,522,Tf going on in Walmart ü§® #VivaLaYotes,FALSE,TRUE,TRUE,,0,2023-08-22T20:11:54+0000,VIDEO,night,0
18,17997582589912043,1289,1,68,we‚Äôre so back. #VivaLaYotes,FALSE,TRUE,TRUE,,14143,2023-08-21T20:50:39+0000,CAROUSEL_ALBUM,night,7
19,18051538810421126,941,3,83,@hobosbarstool you can‚Äôt come into our territory and do this üò≠ #VivaLaYotes,TRUE,FALSE,TRUE,,0,2023-08-07T17:17:50+0000,VIDEO,night,0
20,18069579304400482,543,1,22,current weather update #VivaLaYotes,FALSE,TRUE,TRUE,,8932,2023-08-02T21:49:05+0000,IMAGE,night,2
21,17964578060429510,576,2,23,"Rumor has it, no beer was safe that night..
#VivaLaYotes",FALSE,TRUE,TRUE,,0,2023-07-30T18:43:32+0000,VIDEO,night,0
22,18025756693605643,763,0,39,hope your summer is going better than them üòÖ #VivaLaYotes,TRUE,FALSE,TRUE,,0,2023-07-27T19:24:47+0000,VIDEO,night,0
23,17990215406169788,1042,1,156,y‚Äôall get more creative every week ü§£ #VivaLaYotes #TinderTuesday,FALSE,TRUE,TRUE,,13505,2023-07-25T22:44:06+0000,CAROUSEL_ALBUM,night,0
24,17985033365206904,1107,0,87,almost that time of year üòà #VivaLaYotes,TRUE,FALSE,TRUE,,11827,2023-07-23T22:24:37+0000,IMAGE,night,1
25,18371463703010649,646,2,22,y‚Äôall hype for the extra protein supplements in the MUC?üëÄ #VivaLaYotes,TRUE,FALSE,TRUE,,10891,2023-07-22T21:16:00+0000,CAROUSEL_ALBUM,night,1
1,18013377151686072,1448,8,252,couldn‚Äôt be usü§∑‚Äç‚ôÇÔ∏è #VivaLaYotes,TRUE,FALSE,TRUE,,12688,2023-07-20T00:22:33+0000,IMAGE,night,4
2,18023028136537334,688,0,42,No place like home #VivaLaYotes,FALSE,TRUE,TRUE,,8865,2023-07-15T22:53:43+0000,CAROUSEL_ALBUM,night,2
3,17947602536531168,660,17,140,Name this exercise #VivaLaYotes,FALSE,TRUE,TRUE,,0,2023-07-14T16:44:46+0000,VIDEO,afternoon,0
4,17962273994544727,1173,1,327,This guy gets it #VivaLaYotes,FALSE,TRUE,TRUE,,12696,2023-07-13T18:40:17+0000,IMAGE,night,1
5,18014337175725074,772,1,104,happy #TinderTuesday #VivaLaYotes,FALSE,TRUE,TRUE,,12764,2023-07-12T00:16:08+0000,CAROUSEL_ALBUM,night,0
6,17870843351942013,684,0,11,stay safe out there yotes üòÖ #VivaLaYotes,TRUE,FALSE,TRUE,,0,2023-07-10T22:56:29+0000,VIDEO,night,0
7,18196319821266070,1319,0,13,back to back world war champs #VivaLaYotes,FALSE,TRUE,TRUE,,11638,2023-07-09T22:35:24+0000,IMAGE,night,0
8,17853793103993733,1308,2,74,"happy 4th of July, yotes üá∫üá∏üçª#VivaLaYotes",TRUE,FALSE,TRUE,,0,2023-07-04T20:47:40+0000,VIDEO,night,0
9,17962512965386016,757,0,108,y‚Äôall need to stop üò≠üò≠ #VivaLaYotes,TRUE,FALSE,TRUE,,0,2023-07-02T23:42:49+0000,VIDEO,night,0
10,18086573038355408,37549,76,18995,State kids don‚Äôt know how to act in verm #VivaLaYotes,FALSE,TRUE,TRUE,,0,2023-06-28T19:31:16+0000,VIDEO,night,0
11,18298243237107793,996,2,80,rip breeze üòîüòî #VivaLaYotes,TRUE,FALSE,TRUE,,11598,2023-06-26T18:43:17+0000,IMAGE,night,0
12,17999752723914002,475,1,22,what made bro think that was a good idea üò≠üò≠#VivaLaYotes,TRUE,FALSE,TRUE,,0,2023-06-23T21:53:06+0000,VIDEO,night,0
13,18014754196577953,704,0,18,down. bad.  #TinderTuesday #VivaLaYotes,FALSE,TRUE,TRUE,,10205,2023-06-20T23:01:35+0000,CAROUSEL_ALBUM,night,0
14,17980954484218458,1508,5,88,@hobosbarstool i‚Äôm very disappointed. #VivaLaYotes,FALSE,TRUE,TRUE,,12889,2023-06-18T23:35:16+0000,IMAGE,night,16
15,17884557272797555,1191,1,20,seems like summer is off to a great start ü§£ #VivaLaYotes,FALSE,TRUE,TRUE,,12315,2023-06-17T01:20:32+0000,CAROUSEL_ALBUM,night,1
16,17975210318345439,828,4,86,y‚Äôall are foul ü§£ #TinderTuesday #VivaLaYotes,FALSE,TRUE,TRUE,,12040,2023-06-13T22:29:59+0000,CAROUSEL_ALBUM,night,0
17,17984698142166295,1462,0,72,Anything but a car discount at McDicks all week #VivaLaYotes,FALSE,TRUE,TRUE,,10740,2023-06-12T22:10:26+0000,IMAGE,night,1
18,17988543127920044,733,1,6,summer verm is not for everyoneü§£ #SundayScaries #VivaLaYotes,FALSE,TRUE,TRUE,,0,2023-06-11T21:46:30+0000,VIDEO,night,0
19,18224587048170087,697,3,27,life is better in verm #VivaLaYotes,FALSE,TRUE,TRUE,,9184,2023-06-10T00:21:29+0000,IMAGE,night,0
20,17955509888467433,695,1,46,no fish we‚Äôre harmed in this video (it swam away after) #VivaLaYotes,FALSE,TRUE,TRUE,,0,2023-06-08T22:51:57+0000,VIDEO,night,0
21,17996801578781858,811,1,94,can‚Äôt wait to be back ü•≤ #VivaLaYotes,FALSE,TRUE,TRUE,,0,2023-06-05T00:42:21+0000,VIDEO,night,0
22,17982510587010742,655,0,16,that time of year again üòà #VivaLaYotes,TRUE,FALSE,TRUE,,0,2023-06-03T22:02:38+0000,VIDEO,night,0
23,17997263173754204,765,0,42,Priorities #VivaLaYotes,FALSE,TRUE,TRUE,,10145,2023-06-02T19:42:18+0000,IMAGE,night,0
24,17954024423613372,830,2,36,legend has it Nick is still looking for the squirter in his lifeüòî #TinderTuesday #VivaLaYotes,TRUE,FALSE,TRUE,,13064,2023-05-30T23:17:39+0000,CAROUSEL_ALBUM,night,0
25,17957595818603093,912,2,66,nah nah he‚Äôs chillin #VivaLaYotes,FALSE,TRUE,TRUE,,0,2023-05-29T22:12:54+0000,VIDEO,night,0
1,18061062259400472,804,4,86,it‚Äôs his world and we‚Äôre all living in it üò≠ #VivaLaYotes,TRUE,FALSE,TRUE,,0,2023-05-29T00:27:59+0000,VIDEO,night,0
2,18024256129495534,965,10,105,How did this work??? #VivaLaYotes,FALSE,TRUE,TRUE,,11631,2023-05-26T19:42:11+0000,IMAGE,night,0
3,17891905772821863,957,3,174,at least he tried #VivaLaYotes,FALSE,TRUE,TRUE,,0,2023-05-25T23:03:22+0000,VIDEO,night,0
4,17980834643174728,693,0,20,Boomerangs are in right now #VivaLaYotes #tindertuesday,FALSE,TRUE,TRUE,,9769,2023-05-23T22:52:50+0000,CAROUSEL_ALBUM,night,0
5,17965741394285994,659,0,1,this must be what the townies witness every night üò≠ #VivaLaYotes,TRUE,FALSE,TRUE,,0,2023-05-21T21:58:56+0000,VIDEO,night,0
6,17864673692930660,632,6,23,RIP fallen soldier ü´° #VivaLaYotes,FALSE,TRUE,TRUE,,0,2023-05-20T21:17:12+0000,VIDEO,night,0
7,18001135456768605,862,1,42,When tinder isn‚Äôt working #VivaLaYotes,FALSE,TRUE,TRUE,,11229,2023-05-19T21:08:59+0000,IMAGE,night,0
8,18357137881010707,1040,2,64,wait a sec. #VivaLaYotes,FALSE,TRUE,TRUE,,11523,2023-05-18T22:40:05+0000,CAROUSEL_ALBUM,night,0
9,17985625226080048,1177,9,16,so all the college students leave and everyone forgets how to functionüò≠ #VivaLaYotes,TRUE,FALSE,TRUE,,0,2023-05-18T00:16:29+0000,VIDEO,night,0
10,17866612190922361,787,0,39,Summer rizz #VivaLaYotes #tindertuesday,FALSE,TRUE,TRUE,,10855,2023-05-16T22:06:26+0000,CAROUSEL_ALBUM,night,0
11,18215514568161966,581,0,74,sounds about right ü´† #VivaLaYotes,FALSE,TRUE,TRUE,,0,2023-05-15T21:29:52+0000,VIDEO,night,0
12,17987028404048868,807,0,26,i guess those AI detectors actually work ü´† #VivaLaYotes,FALSE,TRUE,TRUE,,9328,2023-05-14T23:19:45+0000,CAROUSEL_ALBUM,night,0
13,17965575365413320,966,4,30,the NPCs are the only ones left in verm ü•≤ #VivaLaYotes,FALSE,TRUE,TRUE,,0,2023-05-14T00:42:41+0000,VIDEO,night,0
14,18015090505528514,1318,19,169,The guys have clapped back @usdchicks #VivaLaYotes,FALSE,TRUE,TRUE,,13745,2023-05-12T20:47:30+0000,CAROUSEL_ALBUM,night,2
15,18078364834361591,863,11,4,Bud light sales rn üìâ#VivaLaYotes,TRUE,FALSE,TRUE,,9500,2023-05-11T21:46:03+0000,IMAGE,night,0
16,18092175115331142,915,3,14,Summer parties off to a great start #VivaLaYotes,FALSE,TRUE,TRUE,,0,2023-05-11T02:40:33+0000,VIDEO,night,0
17,18207318505222304,902,0,52,not the froot loops üò≠#VivaLaYotes,TRUE,FALSE,TRUE,,10855,2023-05-09T22:44:48+0000,CAROUSEL_ALBUM,night,0
18,17861970422935291,916,5,15,These guys know how to efficiently move out #VivaLaYotes,FALSE,TRUE,TRUE,,11264,2023-05-08T21:40:21+0000,CAROUSEL_ALBUM,night,0
19,18294526012101628,1669,5,61,"We did it yotes, another year down #VivaLaYotes",FALSE,TRUE,TRUE,,0,2023-05-07T19:24:36+0000,VIDEO,night,0
20,17994663889745998,1032,3,13,Being on the clock doesn‚Äôt stop the party #VivaLaYotes,FALSE,TRUE,TRUE,,0,2023-05-06T23:53:25+0000,VIDEO,night,0
21,17978968388029244,1314,4,67,"you‚Äôll be missed, seniors ü´°#VivaLaYotes",FALSE,TRUE,TRUE,,10040,2023-05-06T00:15:05+0000,IMAGE,night,3
22,17995060402881676,1596,3,142,it‚Äôs his world and we‚Äôre all living in it üò≠ ü§£#VivaLaYotes,TRUE,FALSE,TRUE,,0,2023-05-04T21:25:56+0000,VIDEO,night,0
23,17976497036224768,1202,6,26,bros got his priorities straight ü§£ #VivaLaYotes,FALSE,TRUE,TRUE,,0,2023-05-04T02:31:59+0000,VIDEO,night,0
24,17879446364808395,1016,0,86,good luck on your finalsüòà #VivaLaYotes,TRUE,FALSE,TRUE,,9731,2023-05-02T22:58:40+0000,CAROUSEL_ALBUM,night,2
25,17974889750497085,1304,11,252,in case u were wondering what your tuition goes towardü•≤ #VivaLaYotes,FALSE,TRUE,TRUE,,0,2023-05-01T23:03:41+0000,VIDEO,night,0
1,17987425843989180,1063,3,30,Huge congrats to former coyote @alexjensen01 #VivaLaYote,FALSE,TRUE,TRUE,,9818,2023-04-30T22:40:56+0000,IMAGE,night,0
2,18358117867015737,1038,2,40,This can‚Äôt be legal üòÇ #VivaLaYotes,TRUE,FALSE,TRUE,,0,2023-04-30T21:05:22+0000,VIDEO,night,0
3,17992783816786622,1008,15,36,Common Freshman L #VivaLaYotes,FALSE,TRUE,TRUE,,0,2023-04-29T21:01:30+0000,VIDEO,night,0
4,18026252593512619,687,2,124,"every bar will be open all day tomorrow for the usd bar crawl‚ÄºÔ∏è‚ÄºÔ∏è

here are the times each bar will open:
- Leo‚Äôs: 8am (5$ breakfast, 4$ mimosas and bloody mary‚Äôs) 
- Hollar: 8am (buy 3 shots get one free)
- Varsity: 8am
- Pub: 9am 
- Careys: 10:30am 
- OLC: 11am
- Char: 10am

see u thereüòà @hollarrbar @leos_sportsbar @charbarverm @oldlumbercompany @thevarsitypub @careysbar #VivaLaYotes",TRUE,FALSE,TRUE,,10890,2023-04-28T21:12:39+0000,IMAGE,night,4
5,18046150120441664,1116,2,34,It‚Äôs that time of year #VivaLaYotes,FALSE,TRUE,TRUE,,10122,2023-04-28T02:19:47+0000,IMAGE,night,0
6,17889269999760884,899,6,85,Free pocket pussy in the dorms #VivaLaYotes,FALSE,TRUE,TRUE,,0,2023-04-26T21:29:40+0000,VIDEO,night,0
7,17905893953767578,927,1,51,down. bad.  #TinderTuesday #VivaLaYotes,FALSE,TRUE,TRUE,,11744,2023-04-25T22:21:41+0000,CAROUSEL_ALBUM,night,0
8,17945358917618425,1086,2,73,spring is such a magical time #VivaLaYotes,FALSE,TRUE,TRUE,,10814,2023-04-24T21:56:57+0000,IMAGE,night,1
9,17844326783977082,1811,4,199,No one was injured in this video #sundayscaries #VivaLaYotes,FALSE,TRUE,TRUE,,14104,2023-04-23T22:02:18+0000,CAROUSEL_ALBUM,night,1
10,18218153143174859,1127,1,47,Was worth a shot #VivaLaYotes,FALSE,TRUE,TRUE,,11657,2023-04-22T23:40:41+0000,IMAGE,night,0
11,17967821705167707,928,2,84,Bro didn‚Äôt even try to hide it #VivaLaYotes,FALSE,TRUE,TRUE,,10272,2023-04-21T21:52:46+0000,IMAGE,night,0
12,17996038669875833,1597,4,153,"it‚Äôs a national holiday confirmed, happy 4/20 yotes ü´° #VivaLaYotes",FALSE,TRUE,TRUE,,11917,2023-04-20T20:30:45+0000,IMAGE,night,1
13,18204018790223391,1339,0,26,bros just laughing through it allüò≠ #VivaLaYotes,TRUE,FALSE,TRUE,,10745,2023-04-19T21:42:44+0000,IMAGE,night,0
14,17982978986020786,941,1,132,Definitely some bold ones this week #TinderTuesday #VivaLaYotes,FALSE,TRUE,TRUE,,12145,2023-04-18T20:12:11+0000,CAROUSEL_ALBUM,night,1
15,17990136679800686,1004,1,62,My guess is Doba #VivaLaYotes,FALSE,TRUE,TRUE,,11441,2023-04-17T20:03:34+0000,CAROUSEL_ALBUM,night,0
16,17961193697518741,1463,13,102,The most nonchalant fight I‚Äôve ever witnessed #VivaLaYotes,FALSE,TRUE,TRUE,,14494,2023-04-15T21:11:08+0000,CAROUSEL_ALBUM,night,0
17,17985260317875457,721,2,7,why are professors like this üò≠#VivaLaYotes,TRUE,FALSE,TRUE,,11194,2023-04-14T20:51:39+0000,CAROUSEL_ALBUM,night,0
18,17985054077001298,832,0,10,peak male performance #VivaLaYotes,FALSE,TRUE,TRUE,,0,2023-04-13T21:53:59+0000,VIDEO,night,0
19,17869663043839405,1276,5,67,Petition to put a few holes on campus #VivaLaYotes,FALSE,TRUE,TRUE,,0,2023-04-12T21:36:31+0000,VIDEO,night,0
20,18250284715153277,884,0,55,how do y‚Äôall come up with these üò≠ #TinderTuesday #VivaLaYotes,TRUE,FALSE,TRUE,,11597,2023-04-11T21:35:41+0000,CAROUSEL_ALBUM,night,2
21,17950807103410785,905,6,47,everyone needs a classmate like himüò≠ü§£#VivaLaYotes,TRUE,FALSE,TRUE,,0,2023-04-10T20:57:57+0000,VIDEO,night,0
22,17983081409047487,1517,5,185,"He is rizzen, he is rizzen indeed #VivaLaYotes",FALSE,TRUE,TRUE,,13229,2023-04-09T16:49:53+0000,IMAGE,afternoon,4
23,17988768241903993,1147,9,33,"Check out the Cook House on campus if you ever need any counseling services. They are here to help. If you ever are in a crisis regarding your mental health, call them at 605-658-3580 #VivaLaYotes",FALSE,TRUE,TRUE,,56345,2023-04-07T20:15:39+0000,CAROUSEL_ALBUM,night,1
24,17984946319971584,1596,0,91,she definitely got the excused absence ü§£#VivaLaYotes,FALSE,TRUE,TRUE,,11096,2023-04-06T22:06:53+0000,IMAGE,night,0
25,17968794137117175,659,0,11,200 IQ for taping the bottle before jumping ü§£ #VivaLaYotes,FALSE,TRUE,TRUE,,0,2023-04-05T23:35:24+0000,VIDEO,night,0
1,17984725162841195,779,6,76,happy #TinderTuesday #VivaLaYotes,FALSE,TRUE,TRUE,,11626,2023-04-05T00:02:14+0000,CAROUSEL_ALBUM,night,1
2,17853591407945713,805,4,104,What the dog doingü§® #VivaLaYotes,FALSE,TRUE,TRUE,,0,2023-04-03T22:10:24+0000,VIDEO,night,0
3,18242119852089219,1187,3,231,great day to be a yote üòàüëÄ #VivaLaYotes,TRUE,FALSE,TRUE,,13406,2023-04-02T22:42:29+0000,IMAGE,night,10
4,18183017380252918,1063,6,83,i wonder why ü§î #VivaLaYotes,FALSE,TRUE,TRUE,,12537,2023-04-01T19:55:25+0000,IMAGE,night,2
5,17999949409734728,894,3,28,Idk whether to be disappointed or proud #VivaLaYotes,FALSE,TRUE,TRUE,,0,2023-03-31T21:56:28+0000,VIDEO,night,0
6,18210900739213326,1812,9,208,what has this town come toüòî#VivaLaYotes,TRUE,FALSE,TRUE,,14393,2023-03-30T19:22:55+0000,CAROUSEL_ALBUM,night,2
7,18021056824516573,1174,6,205,verm squirrels are not real #VivaLaYotes,FALSE,TRUE,TRUE,,0,2023-03-29T19:01:28+0000,VIDEO,night,0
8,17975071337133636,922,0,66,Try not to visualize the Oreo line challenge #VivaLaYotes #tindertuesday,FALSE,TRUE,TRUE,,11605,2023-03-28T20:30:45+0000,CAROUSEL_ALBUM,night,2
9,17970476591213065,1576,9,41,who‚Äôs really in the wrong hereü§î#VivaLaYotes,FALSE,TRUE,TRUE,,12969,2023-03-27T21:13:46+0000,CAROUSEL_ALBUM,night,0
10,17991317860861696,425,2,5,@leos_sportsbar wins as the top bar of 2023 üëÄüòà#VivaLaYotes,TRUE,FALSE,TRUE,,8174,2023-03-27T19:59:34+0000,IMAGE,night,0
11,18360975400058497,1204,2,86,The cops didn‚Äôt deserve this show #sundayscaries #VivaLaYotes,FALSE,TRUE,TRUE,,11495,2023-03-26T22:48:55+0000,CAROUSEL_ALBUM,night,0
12,17975756935997022,356,0,4,final round is live. vote on story üòàüëÄ #VivaLaYotes,TRUE,FALSE,TRUE,,9074,2023-03-26T17:18:35+0000,IMAGE,night,2
13,17948696864412774,1270,6,71,the NPCs were active last night #VivaLaYotes,FALSE,TRUE,TRUE,,12984,2023-03-25T22:04:30+0000,CAROUSEL_ALBUM,night,0
14,17972296571480018,1697,25,189,common @vpdpics L #VivaLaYotes,FALSE,TRUE,TRUE,,15927,2023-03-24T22:17:21+0000,CAROUSEL_ALBUM,night,11
15,18002429548647802,394,4,10,round 2 is live. Vote on the story üòà #VivaLaYotes,TRUE,FALSE,TRUE,,11152,2023-03-23T22:21:35+0000,IMAGE,night,0
16,17961536867381952,819,2,56,Bro walked the plank into the Missouri #VivaLaYotes,FALSE,TRUE,TRUE,,0,2023-03-23T18:40:27+0000,VIDEO,night,0
17,17911889483717327,958,11,38,Make comforter jousting a regular thing please #VivaLaYotes,FALSE,TRUE,TRUE,,0,2023-03-22T21:29:09+0000,VIDEO,night,0
18,18351213772012183,490,4,39,"round 1 is live, go vote on the storyüëÄüòà #VivaLaYotes",TRUE,FALSE,TRUE,,10159,2023-03-22T20:15:42+0000,IMAGE,night,4
19,18167934202283467,845,0,27,"If at first you don‚Äôt succeed, try 8 more times #tindertuesday #VivaLaYotes",FALSE,TRUE,TRUE,,10817,2023-03-21T20:35:36+0000,CAROUSEL_ALBUM,night,0
20,18170882497278575,626,4,10,For free?? #VivaLaYotes,FALSE,TRUE,TRUE,,0,2023-03-20T23:32:05+0000,VIDEO,night,0
21,18079564768341433,836,0,35,#SpringBreakScaries at its finest #VivaLaYotes,FALSE,TRUE,TRUE,,0,2023-03-19T23:44:28+0000,VIDEO,night,0
22,17904323513674320,1965,0,64,what happens on spring break stays on spring break #VivaLaYotes,FALSE,TRUE,TRUE,,12811,2023-03-19T01:28:00+0000,CAROUSEL_ALBUM,night,0
23,18348758455027237,1757,4,79,Spring break was something special this year #VivaLaYotes,FALSE,TRUE,TRUE,,14078,2023-03-18T01:22:01+0000,CAROUSEL_ALBUM,night,1
24,17883593438810189,1190,4,34,Pro tip: don‚Äôt bring your wife to spring break #VivaLaYotes,FALSE,TRUE,TRUE,,0,2023-03-16T19:02:29+0000,VIDEO,night,0
25,17957282882300932,1289,4,16,Pretty privilege works yet again #VivaLaYotes,FALSE,TRUE,TRUE,,12403,2023-03-15T20:44:53+0000,CAROUSEL_ALBUM,night,1
1,17928975590557755,955,1,87,#tindertuesday spring break edition #VivaLaYotes,FALSE,TRUE,TRUE,,12277,2023-03-14T23:29:44+0000,CAROUSEL_ALBUM,night,0
2,18007913161600141,685,0,3,Spring break house parties > #VivaLaYotes,FALSE,TRUE,TRUE,,0,2023-03-13T22:12:55+0000,VIDEO,night,0
3,17942111696612242,1178,0,26,Trying to convince his girl to go on a week long ‚Äúbreak‚Äù #VivaLaYotes,FALSE,TRUE,TRUE,,0,2023-03-12T21:48:16+0000,VIDEO,night,0
4,17958455357517492,1463,3,39,So it begins #VivaLaYotes,FALSE,TRUE,TRUE,,11982,2023-03-12T00:08:43+0000,IMAGE,night,1
5,17883114041812435,738,1,27,Why does she even have a taser üò≠ #VivaLaYotes,TRUE,FALSE,TRUE,,0,2023-03-11T02:20:04+0000,VIDEO,night,0
6,17859195527910916,996,5,29,please have school be canceled tomorrow üôèüèª#VivaLaYotes,TRUE,FALSE,TRUE,,0,2023-03-09T23:11:42+0000,VIDEO,night,0
7,17920424924680506,1305,6,61,it‚Äôs never too late to switch to business üôèüèª #VivaLaYotes,TRUE,FALSE,TRUE,,12721,2023-03-08T20:14:23+0000,CAROUSEL_ALBUM,night,0
8,17977112497930609,890,1,79,happy #TinderTuesday #VivaLaYotes,FALSE,TRUE,TRUE,,11184,2023-03-07T22:51:38+0000,CAROUSEL_ALBUM,night,1
9,17884399928800623,789,0,103,another fallen soldier at the function #VivaLaYotes,FALSE,TRUE,TRUE,,0,2023-03-06T23:08:10+0000,VIDEO,night,0
10,17962144676166090,657,1,14,average Saturday night in verm #SundayScaries #VivaLaYotes,FALSE,TRUE,TRUE,,0,2023-03-06T00:47:42+0000,VIDEO,night,0
11,18176477560269624,1105,3,50,New highway straight through campus now open #VivaLaYotes,FALSE,TRUE,TRUE,,0,2023-03-05T01:11:20+0000,VIDEO,night,0
12,17955099170306268,839,0,13,The walk home from thirsty Thursdays is always an adventure #VivaLaYotes,FALSE,TRUE,TRUE,,0,2023-03-03T23:20:27+0000,VIDEO,night,0
13,18167891869281427,963,0,36,I mean I‚Äôd be pissed too #VivaLaYotes,FALSE,TRUE,TRUE,,0,2023-03-03T00:50:32+0000,VIDEO,night,0
14,17919299642678993,1809,11,888,"How real cops take care of business, take notes @vpdpics #VivaLaYotes",FALSE,TRUE,TRUE,,0,2023-03-02T02:19:58+0000,VIDEO,night,0
15,17999411647628870,1111,1,154,Some of you guys really are sick #VivaLaYotes,FALSE,TRUE,TRUE,,12034,2023-02-28T23:33:18+0000,CAROUSEL_ALBUM,night,0
16,17861970377852822,1444,8,121,A cake will fix anything #VivaLaYotes,FALSE,TRUE,TRUE,,12582,2023-02-27T23:04:49+0000,IMAGE,night,0
17,18095217259313249,1706,7,91,lexi has unlimited grit #SundayScaries #VivaLaYotes,FALSE,TRUE,TRUE,,14000,2023-02-26T21:33:01+0000,CAROUSEL_ALBUM,night,0
18,17983577068908368,1142,10,113,the freshman are backü´† #VivaLaYotes,FALSE,TRUE,TRUE,,0,2023-02-25T23:53:18+0000,VIDEO,night,0
19,17997658750711260,884,2,27,what shot did she take ??üòÖ #VivaLaYotes,TRUE,FALSE,TRUE,,0,2023-02-25T00:17:32+0000,VIDEO,night,0
20,17948388080586428,1713,22,232,@vpdpics what a great way to get students to come to USD!ü§°#VivaLaYotes,FALSE,TRUE,TRUE,,14978,2023-02-23T23:31:53+0000,CAROUSEL_ALBUM,night,5
21,18349751908041601,1850,18,280,when will it end üòû #VivaLaYotes,TRUE,FALSE,TRUE,,16304,2023-02-22T23:00:17+0000,CAROUSEL_ALBUM,night,2
22,17989155028874779,1091,2,177,it‚Äôs that time of week again #TinderTuesday #VivaLaYotes,FALSE,TRUE,TRUE,,15594,2023-02-21T23:13:00+0000,CAROUSEL_ALBUM,night,3
23,18346234003029119,1332,8,206,those MUC struggle meals hit different #VivaLaYotes,FALSE,TRUE,TRUE,,13793,2023-02-20T22:00:17+0000,IMAGE,night,0
24,17967048164321913,1813,13,189,Verm drive through workers snitching nowüòû #VivaLaYotes,TRUE,FALSE,TRUE,,13768,2023-02-19T20:58:40+0000,IMAGE,night,1
25,17947888316359605,762,0,22,Works every time #VivaLaYotes,FALSE,TRUE,TRUE,,0,2023-02-18T22:47:53+0000,VIDEO,night,0
1,17979631531962300,836,4,26,Glad to see my fellow yotes being safe #VivaLaYotes,FALSE,TRUE,TRUE,,0,2023-02-18T01:07:45+0000,VIDEO,night,0
2,17966018468190816,717,2,18,1k for a coat is wild #VivaLaYotes,FALSE,TRUE,TRUE,,9394,2023-02-16T19:28:56+0000,IMAGE,night,0
3,17952394475308791,1730,4,189,happy Wednesday üòà #VivaLaYotes,TRUE,FALSE,TRUE,,12341,2023-02-16T01:04:25+0000,CAROUSEL_ALBUM,night,1
4,17968440542171427,892,0,122,happy Valentine‚Äôs Day #VivaLaYotes,FALSE,TRUE,TRUE,,10975,2023-02-14T22:56:10+0000,CAROUSEL_ALBUM,night,0
5,17994288157708582,1152,1,627,Bro somehow continued to sing #VivaLaYotes,FALSE,TRUE,TRUE,,0,2023-02-14T00:54:35+0000,VIDEO,night,0
6,18002471692608206,1702,1,97,congrats to USD alum and superbowl champ @cochranejack_ üòà#VivaLaYotes,TRUE,FALSE,TRUE,,12981,2023-02-13T04:50:05+0000,IMAGE,night,8
7,17944740794397694,1347,5,75,"to whoever did this, you dropped this üëë#VivaLaYotes",TRUE,FALSE,TRUE,,11572,2023-02-13T03:54:40+0000,IMAGE,night,1
8,17970104378130488,1155,2,185,Bro cock blocked himself #VivaLaYotes,FALSE,TRUE,TRUE,,0,2023-02-11T23:19:53+0000,VIDEO,night,0
9,17957082437460452,1230,8,133,usd making players on and off the court #VivaLaYotes,FALSE,TRUE,TRUE,,14515,2023-02-10T17:17:03+0000,IMAGE,night,4
10,17941566833576328,2020,15,570,@charbarverm let the kids playüòî #VivaLaYotes,TRUE,FALSE,TRUE,,16639,2023-02-10T00:36:03+0000,CAROUSEL_ALBUM,night,8
11,17940894521608155,1171,6,42,Normalize ordering food dt #VivaLaYotes,FALSE,TRUE,TRUE,,0,2023-02-08T22:27:55+0000,VIDEO,night,0
12,18052987672382738,1055,3,116,I say get that extra credit #tindertuesday #VivaLaYotes,FALSE,TRUE,TRUE,,14313,2023-02-07T20:11:44+0000,CAROUSEL_ALBUM,night,4
13,17975786464891509,866,5,7,@hobosbarstool personally i wouldn‚Äôt let that slide üò¢ü§°#VivaLaYotes,TRUE,FALSE,TRUE,,0,2023-02-06T20:36:16+0000,VIDEO,night,0
14,17946387941357341,1146,5,35,She thought she found the one ü•≤ #VivaLaYotes @leilasroseband,FALSE,TRUE,TRUE,,12708,2023-02-05T20:33:45+0000,CAROUSEL_ALBUM,night,3
15,17984509426738813,1465,1,96,that unspoken rizz üìà  #VivaLaYotes,TRUE,FALSE,TRUE,,11695,2023-02-04T22:06:44+0000,IMAGE,night,2
16,17970805826111622,863,2,9,Common @barstoolndsu L #VivaLaYotes,FALSE,TRUE,TRUE,,9225,2023-02-03T15:48:23+0000,IMAGE,afternoon,0
17,17963736044213187,1083,0,106,Favorite holiday of the year #VivaLaYotes,FALSE,TRUE,TRUE,,9285,2023-02-02T20:28:08+0000,IMAGE,night,4
18,17937956984606893,825,10,36,Live at the quarters they said #VivaLaYotes,FALSE,TRUE,TRUE,,0,2023-02-01T19:34:54+0000,VIDEO,night,0
19,17953920989387142,1116,2,98,The best day of the week #tindertuesday #VivaLaYotes,FALSE,TRUE,TRUE,,12586,2023-01-31T20:26:39+0000,CAROUSEL_ALBUM,night,0
20,17992413304683037,642,0,8,Tinder on house floor is wild #VivaLaYotes,FALSE,TRUE,TRUE,,0,2023-01-30T23:14:49+0000,VIDEO,night,0
21,17967093812173801,690,1,20,must have been a rough Sunday for bro ü§£#SundayScaries #VivaLaYotes,FALSE,TRUE,TRUE,,0,2023-01-30T00:22:19+0000,VIDEO,night,0
22,17958341789158114,2329,12,364,looks like the drunk bus taking a snow day üò≠üò≠ #VivaLaYotes,TRUE,FALSE,TRUE,,14672,2023-01-28T17:37:27+0000,CAROUSEL_ALBUM,night,13
23,17988189367763906,935,2,14,you miss 100% of the shots you don‚Äôt take  #VivaLaYotes,FALSE,TRUE,TRUE,,0,2023-01-28T02:55:35+0000,VIDEO,night,0
24,17844833918918933,1581,3,207,"when life gives you snow, make snow dicks #VivaLaYotes",FALSE,TRUE,TRUE,,13771,2023-01-26T22:40:15+0000,CAROUSEL_ALBUM,night,1
25,17979922921900527,1184,11,140,Say a quick prayer for this persons health in 20 years #VivaLaYotes,FALSE,TRUE,TRUE,,12859,2023-01-25T21:10:07+0000,CAROUSEL_ALBUM,night,0
1,18161322310276287,823,5,114,The LinkedIn line had to work #VivaLaYotes,FALSE,TRUE,TRUE,,11576,2023-01-24T20:47:36+0000,CAROUSEL_ALBUM,night,0
2,17976372211954946,1388,6,333,the GTA server was active this weekend #VivaLaYotes,FALSE,TRUE,TRUE,,15377,2023-01-23T21:01:45+0000,CAROUSEL_ALBUM,night,5
3,18001671589579897,1177,6,97,ALWAYS take your shirt off at char #VivaLaYotes,FALSE,TRUE,TRUE,,13614,2023-01-22T20:54:41+0000,CAROUSEL_ALBUM,night,9
4,18021149353484184,1961,4,262,PSA: Downtown is icy #VivaLaYotes,FALSE,TRUE,TRUE,,0,2023-01-22T00:53:41+0000,VIDEO,night,0
5,17995154986639120,998,7,79,what could go wrong??üòÖ #VivaLaYotes,TRUE,FALSE,TRUE,,12111,2023-01-20T20:27:41+0000,CAROUSEL_ALBUM,night,0
6,18008622781535569,1350,5,41,Snow days in verm > #VivaLaYotes,FALSE,TRUE,TRUE,,11630,2023-01-19T23:17:55+0000,CAROUSEL_ALBUM,night,1
7,17950212857290030,836,0,16,Shout out @24kgoldn for the sick ass show #VivaLaYotes,FALSE,TRUE,TRUE,,0,2023-01-18T23:07:06+0000,VIDEO,night,0
8,18338062618036727,916,0,59,sam is the boy who cried Rizz #VivaLaYotes #TinderTuesday,FALSE,TRUE,TRUE,,11198,2023-01-17T22:59:08+0000,CAROUSEL_ALBUM,night,0
9,17876047223807270,1367,1,157,mamba mentality #VivaLaYotes,FALSE,TRUE,TRUE,,13805,2023-01-16T21:30:58+0000,IMAGE,night,9
10,18335391664029081,1255,13,76,mf got light whipped cream and extra whipped creamü§£ü§£ü§£#VivaLaYotes,FALSE,TRUE,TRUE,,12711,2023-01-15T20:45:25+0000,IMAGE,night,3
11,17900479667721703,1328,20,464,When you live in dorms you can piss wherever you want #VivaLaYotes,FALSE,TRUE,TRUE,,0,2023-01-15T00:25:54+0000,VIDEO,night,0
12,18021512953474053,702,2,30,Nah this is wild #VivaLaYotes,FALSE,TRUE,TRUE,,10438,2023-01-13T22:29:40+0000,IMAGE,night,0
13,17968264226104059,1249,14,98,POV you wake up after drown #VivaLaYotes,FALSE,TRUE,TRUE,,12516,2023-01-12T18:32:07+0000,IMAGE,night,0
14,17973628075967576,1016,1,88,The lethal fake sip #VivaLaYotes,FALSE,TRUE,TRUE,,0,2023-01-11T19:21:51+0000,VIDEO,night,0
15,17993977339648002,735,0,1,Feels good to be back #VivaLaYotes,FALSE,TRUE,TRUE,,0,2023-01-09T22:32:11+0000,VIDEO,night,0
16,17996214205625161,1291,5,105,Syllabus week üòà #VivaLaYotes,TRUE,FALSE,TRUE,,11693,2023-01-08T22:41:31+0000,IMAGE,night,1
17,17989168309690074,1121,1,91,The boys always got your back #VivaLaYotes,FALSE,TRUE,TRUE,,11173,2023-01-07T21:28:08+0000,IMAGE,night,2
18,18237736639157404,1468,6,144,not againüò≠üò≠üò≠ #VivaLaYotes,TRUE,FALSE,TRUE,,0,2023-01-07T00:22:35+0000,VIDEO,night,0
19,18265426612114687,1789,7,75,"our top 5 posts of the semester, see u next semester üòà#VivaLaYotes",TRUE,FALSE,TRUE,,12433,2023-01-06T02:27:21+0000,CAROUSEL_ALBUM,night,2
20,18309617407079213,718,1,55,take my money @hollarrbar @hollarrelite #VivaLaYotes,FALSE,TRUE,TRUE,,10877,2023-01-04T21:50:23+0000,IMAGE,night,0
21,17954813813170470,879,0,76,Happy #TinderTuesday #VivaLaYotes,FALSE,TRUE,TRUE,,11029,2023-01-04T01:26:54+0000,CAROUSEL_ALBUM,night,1
22,17964997598300748,930,1,13,How does the most sober driver in verm manage to get pulled overüò≠ #VivaLaYotes,TRUE,FALSE,TRUE,,0,2023-01-02T00:20:50+0000,VIDEO,night,0
23,17958393617196835,1182,4,104,quick reminder to stay safe out there yotes üôåüèª #VivaLaYotes,TRUE,FALSE,TRUE,,9926,2023-01-01T01:07:12+0000,IMAGE,night,4
24,17984605681799959,745,3,37,legend has it he‚Äôs still there #VivaLaYotes,FALSE,TRUE,TRUE,,0,2022-12-31T02:19:55+0000,VIDEO,night,0
25,17946961130303960,1336,3,5,POV you walk into verm walmart‚Ä¶. #VivaLaYotes,FALSE,TRUE,TRUE,,2578,2022-12-29T23:25:58+0000,CAROUSEL_ALBUM,night,0
1,17937988115579175,612,6,1,Pray for this man #VivaLaYotes,FALSE,TRUE,TRUE,,0,2022-12-28T23:47:25+0000,VIDEO,night,0
2,17976043120924705,977,0,2,Happy #TinderTuesday #VivaLaYotes,FALSE,TRUE,TRUE,,1857,2022-12-27T21:21:09+0000,CAROUSEL_ALBUM,night,0
3,18041645797398660,584,0,1,sounds about right #VivaLaYotes,FALSE,TRUE,TRUE,,0,2022-12-27T02:18:35+0000,VIDEO,night,0
4,18012009793500627,978,1,0,Merry Christmas to everyone except @hobosbarstool #VivaLaYotes,FALSE,TRUE,TRUE,,1697,2022-12-25T19:33:18+0000,CAROUSEL_ALBUM,night,0
5,17984233804780098,1220,4,2,The rizz unmatchable #VivaLaYotes,FALSE,TRUE,TRUE,,2062,2022-12-24T20:17:45+0000,CAROUSEL_ALBUM,night,0
6,17976175438920484,1302,1,4,Hometown bars are just different #VivaLaYotes,FALSE,TRUE,TRUE,,2115,2022-12-23T20:34:21+0000,CAROUSEL_ALBUM,night,0
7,17983663879759666,1212,0,2,will never get used to it #VivaLaYotes,FALSE,TRUE,TRUE,,1631,2022-12-22T22:46:09+0000,CAROUSEL_ALBUM,night,0
8,17988728809677025,889,0,0,it‚Äôs the most wonderful time of the year #VivaLaYotes,FALSE,TRUE,TRUE,,1350,2022-12-21T23:02:08+0000,IMAGE,night,0
9,17940108779371698,1154,1,63,Happy #tindertuesday #VivaLaYotes,FALSE,TRUE,TRUE,,2397,2022-12-20T22:57:31+0000,CAROUSEL_ALBUM,night,0
10,17969929837997627,1567,1,3,praying for anyone still in verm right now #VivaLaYotes,FALSE,TRUE,TRUE,,1208,2022-12-19T22:56:23+0000,CAROUSEL_ALBUM,night,1
11,17876625467746784,1059,10,1,Verms most sober driver #VivaLaYotes,FALSE,TRUE,TRUE,,0,2022-12-18T20:14:26+0000,VIDEO,night,0
12,17997498121598661,500,5,0,January 17thüòà #VivaLaYotes,TRUE,FALSE,TRUE,,2009,2022-12-18T00:06:37+0000,IMAGE,night,0
13,17966600714030523,1279,7,8,"she might not be red bull, but she‚Äôll for sure give you wings‚Ä¶ @usdchicks #VivaLaYotes",FALSE,TRUE,TRUE,,2169,2022-12-16T21:21:27+0000,IMAGE,night,1
14,17954555852496484,1368,6,0,how we feel after finals week #VivaLaYotes,FALSE,TRUE,TRUE,,2174,2022-12-15T21:51:20+0000,CAROUSEL_ALBUM,night,0
15,18088704355308827,1040,2,3,Happy finals week #VivaLaYotes,FALSE,TRUE,TRUE,,0,2022-12-14T21:39:01+0000,VIDEO,night,0
16,17922015185525999,868,0,3,till next semester ü§£ #TinderTuesday #VivaLaYotes,FALSE,TRUE,TRUE,,1638,2022-12-13T23:37:28+0000,CAROUSEL_ALBUM,night,0
17,17996663542587706,588,9,0,Newest char special #VivaLaYotes,FALSE,TRUE,TRUE,,0,2022-12-12T23:18:38+0000,VIDEO,night,0
18,17939507480344050,1104,0,0,friendly reminder to cancel your chegg subscriptions over break ü´° #VivaLaYotes,FALSE,TRUE,TRUE,,1016,2022-12-11T22:11:21+0000,CAROUSEL_ALBUM,night,0
19,18333195979029632,1779,11,3,"Punching machine -1, her -0 #VivaLaYotes",FALSE,TRUE,TRUE,,1331,2022-12-10T22:49:06+0000,CAROUSEL_ALBUM,night,0
20,17962325864130041,3265,22,4,Verm was a GTA server last night #VivaLaYotes,FALSE,TRUE,TRUE,,1533,2022-12-09T18:19:20+0000,CAROUSEL_ALBUM,night,1
21,17932921427575161,1182,5,0,You can‚Äôt make this shit up #VivaLaYotes,FALSE,TRUE,TRUE,,1110,2022-12-08T20:04:38+0000,IMAGE,night,0
22,17957685317071869,1234,2,0,good luck on your finals ü´° #VivaLaYotes,FALSE,TRUE,TRUE,,934,2022-12-07T22:26:58+0000,CAROUSEL_ALBUM,night,0
23,18191906815232317,993,0,6,Happy last week of the semester #VivaLaYotes #tindertuesday,FALSE,TRUE,TRUE,,1059,2022-12-07T02:44:54+0000,CAROUSEL_ALBUM,night,0
24,17950603340470010,1138,7,0,@usdpolice please get this situation under control immediately #VivaLaYotes,FALSE,TRUE,TRUE,,0,2022-12-05T17:55:41+0000,VIDEO,night,0
25,17861135372809410,990,0,0,Sorry @byubarstool but @kruzph is your daddy #VivaLaYotes,FALSE,TRUE,TRUE,,939,2022-12-04T20:49:24+0000,CAROUSEL_ALBUM,night,0
